"","Date","AG_avg_sentiment","AG_count"
"1",2020-08-01,0.299666666666667,3
"2",2020-08-02,-0.822,1
"3",2020-08-03,0.107642857142857,14
"4",2020-08-04,-0.0293333333333333,9
"5",2020-08-05,0.481,9
"6",2020-08-06,-0.0354390243902439,82
"7",2020-08-07,0.0820666666666667,15
"8",2020-08-08,-0.25,1
"9",2020-08-10,0.235,5
"10",2020-08-11,0.250294117647059,17
"11",2020-08-12,0.133526315789474,19
"12",2020-08-13,0.191222222222222,9
"13",2020-08-14,0.0593333333333333,3
"14",2020-08-15,0.121,2
"15",2020-08-16,0.247333333333333,6
"16",2020-08-17,-0.0373333333333333,6
"17",2020-08-18,0.269,6
"18",2020-08-19,0.234,4
"19",2020-08-20,-0.146,1
"20",2020-08-21,0.398,2
"21",2020-08-25,-0.22375,4
"22",2020-08-26,0.120333333333333,3
"23",2020-08-27,0.04325,4
"24",2020-08-28,0.4415,2
"25",2020-08-29,0.431,2
"26",2020-08-30,-0.294,1
"27",2020-08-31,-0.064,1
"28",2020-09-01,0.257166666666667,6
"29",2020-09-02,-0.207333333333333,3
"30",2020-09-03,0.381,3
"31",2020-09-04,-0.104,1
"32",2020-09-05,0.036,2
"33",2020-09-06,0.758,1
"34",2020-09-07,-0.936,1
"35",2020-09-09,0.052,3
"36",2020-09-10,0.319666666666667,3
"37",2020-09-11,-0.5895,2
"38",2020-09-12,-0.935,1
"39",2020-09-15,0.176666666666667,3
"40",2020-09-16,-0.0308571428571429,7
"41",2020-09-17,0,1
"42",2020-09-18,0.4,1
"43",2020-09-19,0.4812,5
"44",2020-09-20,0.36375,4
"45",2020-09-21,0.477,1
"46",2020-09-23,-0.0505,6
"47",2020-09-24,0.957,1
"48",2020-09-25,-0.246,1
"49",2020-09-27,0,1
"50",2020-09-28,0.725,1
"51",2020-09-29,0.3955,2
"52",2020-09-30,0.169,1
"53",2020-10-01,-0.326,2
"54",2020-10-04,0.0553333333333333,3
"55",2020-10-06,0.04675,4
"56",2020-10-07,-0.15225,4
"57",2020-10-08,0.402,1
"58",2020-10-09,0.0355,2
"59",2020-10-10,-0.122,3
"60",2020-10-11,0.459,1
"61",2020-10-12,0.25,1
"62",2020-10-13,-0.691,1
"63",2020-10-16,0.448,3
"64",2020-10-17,0.277,2
"65",2020-10-18,0,2
"66",2020-10-19,0.6375,2
"67",2020-10-21,0.0644,5
"68",2020-10-25,-0.453,2
"69",2020-10-26,0,1
"70",2020-10-29,0.666333333333333,3
"71",2020-10-31,-0.103,1
"72",2020-11-03,-0.180666666666667,3
"73",2020-11-04,0.26275,4
"74",2020-11-07,-0.169666666666667,3
"75",2020-11-08,-0.586666666666667,3
"76",2020-11-09,0.144111111111111,9
"77",2020-11-11,-0.477,1
"78",2020-11-14,0.825,1
"79",2020-11-15,-0.159,2
"80",2020-11-16,-0.578,1
"81",2020-11-17,0.86,1
"82",2020-11-18,0.1835,2
"83",2020-11-19,0.49875,4
"84",2020-11-21,-0.646,1
"85",2020-11-23,0.273,1
"86",2020-11-24,0.188142857142857,7
"87",2020-11-25,0.382,2
"88",2020-11-26,-0.483333333333333,3
"89",2020-11-27,0.361,5
"90",2020-11-28,-0.2555,2
"91",2020-11-29,0.238,1
"92",2020-11-30,0,1
"93",2020-12-01,0,1
"94",2020-12-02,0.242,5
"95",2020-12-03,0.49725,4
"96",2020-12-05,0.251666666666667,3
"97",2020-12-08,0.488,5
"98",2020-12-09,-0.0298333333333333,6
"99",2020-12-10,-0.454,6
"100",2020-12-11,0.203,7
"101",2020-12-12,-0.511,1
"102",2020-12-13,0.64,2
"103",2020-12-14,0.21,8
"104",2020-12-15,0.402,1
"105",2020-12-16,-0.0889,10
"106",2020-12-17,0.1304,5
"107",2020-12-18,0.197,5
"108",2020-12-19,0.496,2
"109",2020-12-20,0,1
"110",2020-12-21,0.12,9
"111",2020-12-22,0.3026,5
"112",2020-12-24,0.727,1
"113",2020-12-25,-0.103,1
"114",2020-12-26,0,1
"115",2020-12-27,-0.36,2
"116",2020-12-28,0.1208,5
"117",2020-12-29,0.0815,2
"118",2020-12-31,0.495,3
"119",2021-01-01,0,1
"120",2021-01-02,0.296,1
"121",2021-01-04,0.355,2
"122",2021-01-05,0.11,2
"123",2021-01-06,0.102428571428571,7
"124",2021-01-07,0.1088,5
"125",2021-01-08,-0.148,2
"126",2021-01-09,-0.769,1
"127",2021-01-10,-0.011,2
"128",2021-01-11,0.755,4
"129",2021-01-12,0.00899999999999999,5
"130",2021-01-13,0.277833333333333,6
"131",2021-01-14,0.222,3
"132",2021-01-15,0.506333333333333,3
"133",2021-01-17,0.034,3
"134",2021-01-18,-0.0373636363636364,11
"135",2021-01-19,-0.132,3
"136",2021-01-20,-0.174833333333333,6
"137",2021-01-21,0.23,3
"138",2021-01-22,0.3825,2
"139",2021-01-23,0.269666666666667,3
"140",2021-01-27,-0.0211649484536082,97
"141",2021-01-28,0.100248628884826,547
"142",2021-01-29,0.109484593837535,357
"143",2021-01-30,0.156282926829268,615
"144",2021-01-31,0.17442928452579,601
"145",NA,0.33821875,32
