"","Date","AG_avg_sentiment","AG_count","AG_close","AG_volume","AG_market_cap","AG_PE_ratio"
"1","2020-08-01",0.299666666666667,3,NA,NA,NA,NA
"2","2020-08-02",-0.822,1,NA,NA,NA,NA
"3","2020-08-03",0.107642857142857,14,13.06,5268300,68803998,-3.09478672985782
"4","2020-08-04",-0.0293333333333333,9,13.95,7975300,111255435,-3.30568720379147
"5","2020-08-05",0.481,9,13.81,9986700,137916327,-3.27251184834123
"6","2020-08-06",-0.0354390243902439,82,13.66,8789500,120064570,-3.23696682464455
"7","2020-08-07",0.0820666666666667,15,12.97,9228800,119697536,-3.07345971563981
"8","2020-08-08",-0.25,1,NA,NA,NA,NA
"9","2020-08-10",0.235,5,12.97,6494400,84232368,-3.07345971563981
"10","2020-08-11",0.250294117647059,17,11.42,13229500,151080890,-2.70616113744076
"11","2020-08-12",0.133526315789474,19,11.4,7279900,82990860,-2.70142180094787
"12","2020-08-13",0.191222222222222,9,11.87,10340900,122746483,-2.81279620853081
"13","2020-08-14",0.0593333333333333,3,11.69,6239900,72944431,-2.77014218009479
"14","2020-08-15",0.121,2,NA,NA,NA,NA
"15","2020-08-16",0.247333333333333,6,NA,NA,NA,NA
"16","2020-08-17",-0.0373333333333333,6,12.16,6646700,80823872,-2.88151658767773
"17","2020-08-18",0.269,6,11.99,5119500,61382805,-2.84123222748815
"18","2020-08-19",0.234,4,11.48,5320600,61080488,-2.72037914691943
"19","2020-08-20",-0.146,1,11.85,3980600,47170110,-2.80805687203791
"20","2020-08-21",0.398,2,11.55,3059300,35334915,-2.73696682464455
"21","2020-08-25",-0.22375,4,11.33,4809300,54489369,-2.68483412322275
"22","2020-08-26",0.120333333333333,3,11.83,5607200,66333176,-2.80331753554502
"23","2020-08-27",0.04325,4,11.6,5201400,60336240,-2.74881516587678
"24","2020-08-28",0.4415,2,12.21,4435800,54161118,-2.89336492890995
"25","2020-08-29",0.431,2,NA,NA,NA,NA
"26","2020-08-30",-0.294,1,NA,NA,NA,NA
"27","2020-08-31",-0.064,1,12.45,4619900,57517755,-2.95023696682464
"28","2020-09-01",0.257166666666667,6,12.06,8278200,99835092,-2.85781990521327
"29","2020-09-02",-0.207333333333333,3,11.55,10350800,119551740,-2.73696682464455
"30","2020-09-03",0.381,3,11.53,4949900,57072347,-2.73222748815166
"31","2020-09-04",-0.104,1,11.5,5798300,66680450,-2.72511848341232
"32","2020-09-05",0.036,2,NA,NA,NA,NA
"33","2020-09-06",0.758,1,NA,NA,NA,NA
"34","2020-09-07",-0.936,1,NA,NA,NA,NA
"35","2020-09-09",0.052,3,11.85,3616000,42849600,-2.80805687203791
"36","2020-09-10",0.319666666666667,3,11.67,6286200,73359954,-2.7654028436019
"37","2020-09-11",-0.5895,2,11.65,6461900,75281135,-2.76066350710901
"38","2020-09-12",-0.935,1,NA,NA,NA,NA
"39","2020-09-15",0.176666666666667,3,12.31,6677400,82198794,-2.91706161137441
"40","2020-09-16",-0.0308571428571429,7,12.2,4867000,59377400,-2.89099526066351
"41","2020-09-17",0,1,12.16,4057800,49342848,-2.88151658767773
"42","2020-09-18",0.4,1,11.91,6201900,73864629,-2.82227488151659
"43","2020-09-19",0.4812,5,NA,NA,NA,NA
"44","2020-09-20",0.36375,4,NA,NA,NA,NA
"45","2020-09-21",0.477,1,10.69,10272100,109808749,-2.53317535545024
"46","2020-09-23",-0.0505,6,9.74,10426200,101551188,-2.30805687203791
"47","2020-09-24",0.957,1,10.26,7828000,80315280,-2.43127962085308
"48","2020-09-25",-0.246,1,9.52,11505100,109528552,-2.25592417061611
"49","2020-09-27",0,1,NA,NA,NA,NA
"50","2020-09-28",0.725,1,9.57,7677100,73469847,-2.26777251184834
"51","2020-09-29",0.3955,2,9.55,7479600,71430180,-2.26303317535545
"52","2020-09-30",0.169,1,9.52,4644500,44215640,-2.25592417061611
"53","2020-10-01",-0.326,2,9.76,4434100,43276816,-2.31279620853081
"54","2020-10-04",0.0553333333333333,3,NA,NA,NA,NA
"55","2020-10-06",0.04675,4,9.43,5617500,52973025,-2.2345971563981
"56","2020-10-07",-0.15225,4,9.59,5355000,51354450,-2.27251184834123
"57","2020-10-08",0.402,1,9.83,3851000,37855330,-2.32938388625592
"58","2020-10-09",0.0355,2,10.56,6813100,71946336,-2.50236966824645
"59","2020-10-10",-0.122,3,NA,NA,NA,NA
"60","2020-10-11",0.459,1,NA,NA,NA,NA
"61","2020-10-12",0.25,1,10.6,3684100,39051460,-2.51184834123223
"62","2020-10-13",-0.691,1,10.53,4942900,52048737,-2.49526066350711
"63","2020-10-16",0.448,3,10.51,3491000,36690410,-2.49052132701422
"64","2020-10-17",0.277,2,NA,NA,NA,NA
"65","2020-10-18",0,2,NA,NA,NA,NA
"66","2020-10-19",0.6375,2,10.35,4034600,41758110,-2.45260663507109
"67","2020-10-21",0.0644,5,11.12,4914900,54653688,-2.63507109004739
"68","2020-10-25",-0.453,2,NA,NA,NA,NA
"69","2020-10-26",0,1,10.61,3276400,34762604,-2.51421800947867
"70","2020-10-29",0.666333333333333,3,10.07,3761200,37875284,-2.38625592417062
"71","2020-10-31",-0.103,1,NA,NA,NA,NA
"72","2020-11-03",-0.180666666666667,3,11.1,9476300,105186930,-2.6303317535545
"73","2020-11-04",0.26275,4,10.46,7494500,78392470,-2.47867298578199
"74","2020-11-07",-0.169666666666667,3,NA,NA,NA,NA
"75","2020-11-08",-0.586666666666667,3,NA,NA,NA,NA
"76","2020-11-09",0.144111111111111,9,11.32,7743100,87651892,-2.6824644549763
"77","2020-11-11",-0.477,1,10.73,4593700,49290401,-2.54265402843602
"78","2020-11-14",0.825,1,NA,NA,NA,NA
"79","2020-11-15",-0.159,2,NA,NA,NA,NA
"80","2020-11-16",-0.578,1,10.92,3638600,39733512,-2.58767772511848
"81","2020-11-17",0.86,1,10.62,3547100,37670202,-2.51658767772512
"82","2020-11-18",0.1835,2,10.28,4004200,41163176,-2.43601895734597
"83","2020-11-19",0.49875,4,10.15,5170100,52476515,-2.40521327014218
"84","2020-11-21",-0.646,1,NA,NA,NA,NA
"85","2020-11-23",0.273,1,9.69,7002100,67850349,-2.29620853080569
"86","2020-11-24",0.188142857142857,7,10.03,7986300,80102589,-2.37677725118483
"87","2020-11-25",0.382,2,10.22,6806500,69562430,-2.4218009478673
"88","2020-11-26",-0.483333333333333,3,NA,NA,NA,NA
"89","2020-11-27",0.361,5,10.19,3727100,37979149,-2.41469194312796
"90","2020-11-28",-0.2555,2,NA,NA,NA,NA
"91","2020-11-29",0.238,1,NA,NA,NA,NA
"92","2020-11-30",0,1,10.37,6291300,65240781,-2.45734597156398
"93","2020-12-01",0,1,11.03,6469500,71358585,-2.61374407582938
"94","2020-12-02",0.242,5,11.24,4059500,45628780,-2.66350710900474
"95","2020-12-03",0.49725,4,11.02,4354700,47988794,-2.61137440758294
"96","2020-12-05",0.251666666666667,3,NA,NA,NA,NA
"97","2020-12-08",0.488,5,11.37,2632700,29933799,-2.69431279620853
"98","2020-12-09",-0.0298333333333333,6,10.89,4282400,46635336,-2.58056872037915
"99","2020-12-10",-0.454,6,10.95,3115700,34116915,-2.59478672985782
"100","2020-12-11",0.203,7,10.77,2706200,29145774,-2.5521327014218
"101","2020-12-12",-0.511,1,NA,NA,NA,NA
"102","2020-12-13",0.64,2,NA,NA,NA,NA
"103","2020-12-14",0.21,8,10.47,3648900,38203983,-2.48104265402844
"104","2020-12-15",0.402,1,11.33,5184300,58738119,-2.68483412322275
"105","2020-12-16",-0.0889,10,12.09,8449800,102158082,-2.86492890995261
"106","2020-12-17",0.1304,5,12.68,7824600,99215928,-3.00473933649289
"107","2020-12-18",0.197,5,12.57,7232500,90912525,-2.97867298578199
"108","2020-12-19",0.496,2,NA,NA,NA,NA
"109","2020-12-20",0,1,NA,NA,NA,NA
"110","2020-12-21",0.12,9,13.13,10317300,135466149,-3.11137440758294
"111","2020-12-22",0.3026,5,12.21,8321900,101610399,-2.89336492890995
"112","2020-12-24",0.727,1,12.74,2766800,35249032,-3.01895734597156
"113","2020-12-25",-0.103,1,NA,NA,NA,NA
"114","2020-12-26",0,1,NA,NA,NA,NA
"115","2020-12-27",-0.36,2,NA,NA,NA,NA
"116","2020-12-28",0.1208,5,13.02,5077900,66114258,-3.08530805687204
"117","2020-12-29",0.0815,2,12.94,4988100,64546014,-3.06635071090047
"118","2020-12-31",0.495,3,13.44,5240600,70433664,-3.18483412322275
"119","2021-01-01",0,1,NA,NA,NA,NA
"120","2021-01-02",0.296,1,NA,NA,NA,NA
"121","2021-01-04",0.355,2,14.24,10227500,145639600,-3.37440758293839
"122","2021-01-05",0.11,2,14.26,8188200,116763732,-3.37914691943128
"123","2021-01-06",0.102428571428571,7,14.23,7572700,107759521,-3.37203791469194
"124","2021-01-07",0.1088,5,14.01,5674700,79502547,-3.31990521327014
"125","2021-01-08",-0.148,2,13.03,11141600,145175048,-3.08767772511848
"126","2021-01-09",-0.769,1,NA,NA,NA,NA
"127","2021-01-10",-0.011,2,NA,NA,NA,NA
"128","2021-01-11",0.755,4,12.55,5433600,68191680,-2.9739336492891
"129","2021-01-12",0.00899999999999999,5,12.66,7225700,91477362,-3
"130","2021-01-13",0.277833333333333,6,12.22,5602800,68466216,-2.8957345971564
"131","2021-01-14",0.222,3,12.64,8812700,111392528,-2.99526066350711
"132","2021-01-15",0.506333333333333,3,11.81,15538000,183503780,-2.79857819905213
"133","2021-01-17",0.034,3,NA,NA,NA,NA
"134","2021-01-18",-0.0373636363636364,11,NA,NA,NA,NA
"135","2021-01-19",-0.132,3,12.65,12179300,154068145,-2.99763033175355
"136","2021-01-20",-0.174833333333333,6,13.9,25065200,348406280,-3.29383886255924
"137","2021-01-21",0.23,3,13.54,10154300,137489222,-3.2085308056872
"138","2021-01-22",0.3825,2,14,18164000,254296000,-3.3175355450237
"139","2021-01-23",0.269666666666667,3,NA,NA,NA,NA
"140","2021-01-27",-0.0211649484536082,97,13.89,9502000,131982780,-3.2914691943128
"141","2021-01-28",0.100248628884826,547,16.860001,53828100,907541819.8281,-3.99526090047393
"142","2021-01-29",0.109484593837535,357,18.120001,30581100,554129562.5811,-4.29383909952607
"143","2021-01-30",0.156282926829268,615,NA,NA,NA,NA
"144","2021-01-31",0.17442928452579,601,NA,NA,NA,NA
"145",NA,0.33821875,32,NA,NA,NA,NA
