"","Date","AMC_avg_sentiment","AMC_count"
"1",2020-08-01,0.092,5
"2",2020-08-03,0.1435,2
"3",2020-08-04,-0.0366666666666667,15
"4",2020-08-05,-0.107111111111111,18
"5",2020-08-06,0.0412941176470588,17
"6",2020-08-07,0.101944444444444,36
"7",2020-08-08,0.296,1
"8",2020-08-09,0.0225,4
"9",2020-08-10,0.0432857142857143,7
"10",2020-08-11,0.131,10
"11",2020-08-12,0,4
"12",2020-08-13,0.0728536585365854,41
"13",2020-08-14,0.156137931034483,29
"14",2020-08-15,0.2405,6
"15",2020-08-16,-0.1376,5
"16",2020-08-17,0.230333333333333,12
"17",2020-08-18,-0.101666666666667,3
"18",2020-08-19,0.087,18
"19",2020-08-20,-0.0128333333333333,18
"20",2020-08-21,0.243125,16
"21",2020-08-24,0.143,5
"22",2020-08-25,-0.17575,4
"23",2020-08-26,0.058625,8
"24",2020-08-27,-0.0513333333333333,36
"25",2020-08-28,-0.0368666666666667,15
"26",2020-08-29,0.013,1
"27",2020-08-30,0.3052,5
"28",2020-08-31,0.2,4
"29",2020-09-01,-0.0243783783783784,37
"30",2020-09-02,0.214027027027027,37
"31",2020-09-03,-0.000470588235294115,17
"32",2020-09-04,0.0253157894736842,19
"33",2020-09-05,0.103826086956522,23
"34",2020-09-06,0.168454545454545,33
"35",2020-09-07,0.24775,4
"36",2020-09-08,0.250333333333333,3
"37",2020-09-09,0.0493333333333333,3
"38",2020-09-10,0.0423333333333333,3
"39",2020-09-11,0.416,5
"40",2020-09-12,-0.003,3
"41",2020-09-13,-0.0388,5
"42",2020-09-14,-0.0905,6
"43",2020-09-15,-0.128,1
"44",2020-09-16,0.0314545454545455,11
"45",2020-09-18,0.051,6
"46",2020-09-19,0.482666666666667,3
"47",2020-09-20,0.4445,2
"48",2020-09-22,0,1
"49",2020-09-23,-0.11,5
"50",2020-09-24,0.463333333333333,3
"51",2020-09-25,-0.013,1
"52",2020-09-29,0,2
"53",2020-10-01,0.0745,4
"54",2020-10-02,0.421,1
"55",2020-10-03,0.069,1
"56",2020-10-04,-0.0179333333333333,15
"57",2020-10-05,-0.0106842105263158,19
"58",2020-10-06,0.02324,25
"59",2020-10-07,0.0882,5
"60",2020-10-08,0.242,7
"61",2020-10-09,0.228153846153846,13
"62",2020-10-10,0.0713333333333333,3
"63",2020-10-11,-0.0986666666666667,3
"64",2020-10-12,0.205428571428571,7
"65",2020-10-13,0.0932083333333333,24
"66",2020-10-14,-0.0573026315789474,76
"67",2020-10-15,0.0556666666666667,33
"68",2020-10-16,0.083989247311828,93
"69",2020-10-17,0.237388888888889,18
"70",2020-10-18,-0.063448275862069,29
"71",2020-10-19,0.113016393442623,61
"72",2020-10-20,0.0644150943396226,53
"73",2020-10-21,0.0786428571428572,14
"74",2020-10-22,0.0501851851851852,27
"75",2020-10-23,0.02088,25
"76",2020-10-24,0.0127755102040816,49
"77",2020-10-25,0.12475,36
"78",2020-10-26,0.09138,50
"79",2020-10-27,0.087728813559322,59
"80",2020-10-28,0.0061875,48
"81",2020-10-29,-0.0167,10
"82",2020-10-30,-0.111625,16
"83",2020-10-31,0.027,12
"84",2020-11-01,0.12445,20
"85",2020-11-02,0.0433148148148148,108
"86",2020-11-03,0.094734693877551,98
"87",2020-11-04,0.03645,20
"88",2020-11-06,0.334833333333333,6
"89",2020-11-07,-0.2326,5
"90",2020-11-08,0.1439375,16
"91",2020-11-09,0.065252,250
"92",2020-11-10,-0.0578227848101266,79
"93",2020-11-11,0.0774074074074074,54
"94",2020-11-12,0.0983783783783784,37
"95",2020-11-13,0.02909375,32
"96",2020-11-14,0.00653333333333334,15
"97",2020-11-15,0.2885,8
"98",2020-11-16,0.0163934426229508,61
"99",2020-11-17,0.0571052631578947,19
"100",2020-11-18,0.15395,20
"101",2020-11-19,0.066,19
"102",2020-11-20,-0.0296470588235294,17
"103",2020-11-21,-0.074,4
"104",2020-11-22,-0.0995,2
"105",2020-11-23,0.190315789473684,19
"106",2020-11-24,0.07178125,64
"107",2020-11-25,0.0938333333333333,36
"108",2020-11-26,0.0108888888888889,9
"109",2020-11-27,0.106625,8
"110",2020-11-28,0.613285714285714,7
"111",2020-11-29,0.269909090909091,11
"112",2020-11-30,0.14895,20
"113",2020-12-01,-0.0783571428571429,14
"114",2020-12-02,-0.00127272727272727,11
"115",2020-12-03,0.1534,15
"116",2020-12-04,-0.0786756756756757,111
"117",2020-12-05,0.0869189189189189,37
"118",2020-12-06,-0.0200952380952381,21
"119",2020-12-07,0.0291333333333333,30
"120",2020-12-08,0.027578947368421,19
"121",2020-12-09,0.131333333333333,3
"122",2020-12-10,0.282428571428571,21
"123",2020-12-11,-0.127142857142857,28
"124",2020-12-12,0.229772727272727,22
"125",2020-12-13,0.0341,10
"126",2020-12-14,0.101551724137931,58
"127",2020-12-15,-0.0588493150684932,73
"128",2020-12-16,0.11775,76
"129",2020-12-17,0.116310810810811,74
"130",2020-12-18,0.00672727272727272,22
"131",2020-12-19,-0.0145454545454545,11
"132",2020-12-20,-0.049,5
"133",2020-12-21,0.167620253164557,79
"134",2020-12-22,0.190470588235294,34
"135",2020-12-23,-0.0116785714285714,28
"136",2020-12-24,-0.02025,4
"137",2020-12-25,0.109090909090909,11
"138",2020-12-26,0.0498461538461539,13
"139",2020-12-27,-0.02205,20
"140",2020-12-28,-0.0843720930232558,43
"141",2020-12-29,0.245871794871795,39
"142",2020-12-30,0.0579722222222222,36
"143",2020-12-31,-0.0886666666666667,24
"144",2021-01-01,0.022,5
"145",2021-01-02,0.246,2
"146",2021-01-03,0,1
"147",2021-01-04,0.165666666666667,6
"148",2021-01-05,-0.0691,10
"149",2021-01-06,0.090625,8
"150",2021-01-07,-0.321285714285714,7
"151",2021-01-08,-0.246,3
"152",2021-01-09,0,2
"153",2021-01-10,-0.392,2
"154",2021-01-11,-0.0785714285714286,7
"155",2021-01-12,-0.182833333333333,6
"156",2021-01-13,-0.0421,10
"157",2021-01-14,-0.00393333333333333,15
"158",2021-01-15,0.0276859504132231,121
"159",2021-01-16,0.0451666666666667,6
"160",2021-01-17,0.01,6
"161",2021-01-18,0.0320405405405405,74
"162",2021-01-19,0.0428186046511628,215
"163",2021-01-20,0.0270728476821192,151
"164",2021-01-21,0.0166875,64
"165",2021-01-22,0.0486252545824847,982
"166",2021-01-23,0.162027027027027,111
"167",2021-01-24,0.215210526315789,19
"168",2021-01-27,0.0252520856002902,27570
"169",2021-01-28,0.0139747843397478,34661
"170",2021-01-29,0.0779921832517673,29424
"171",2021-01-30,0.147596260132646,21712
"172",2021-01-31,NA,16275
"173",NA,NA,725
