"","Date","AMC_avg_sentiment","AMC_count","AMC_close","AMC_volume","AMC_market_cap","AMC_PE_ratio"
"1","2020-08-01",0.092,5,NA,NA,NA,NA
"2","2020-08-03",0.1435,2,4.11,4047100,16633581,-0.118035611717404
"3","2020-08-04",-0.0366666666666667,15,4.1,3267800,13397980,-0.117748420448018
"4","2020-08-05",-0.107111111111111,18,4.15,1691500,7019725,-0.119184376794945
"5","2020-08-06",0.0412941176470588,17,4.14,3742600,15494364,-0.11889718552556
"6","2020-08-07",0.101944444444444,36,4.75,24917400,118357650,-0.13641585295807
"7","2020-08-08",0.296,1,NA,NA,NA,NA
"8","2020-08-09",0.0225,4,NA,NA,NA,NA
"9","2020-08-10",0.0432857142857143,7,4.47,5048200,22565454,-0.128374497415279
"10","2020-08-11",0.131,10,4.56,5794800,26424288,-0.130959218839747
"11","2020-08-12",0,4,4.64,2457900,11404656,-0.133256748994831
"12","2020-08-13",0.0728536585365854,41,5.31,23259200,123506352,-0.152498564043653
"13","2020-08-14",0.156137931034483,29,5.54,12055800,66789132,-0.159103963239518
"14","2020-08-15",0.2405,6,NA,NA,NA,NA
"15","2020-08-16",-0.1376,5,NA,NA,NA,NA
"16","2020-08-17",0.230333333333333,12,5.6,7159200,40091520,-0.16082711085583
"17","2020-08-18",-0.101666666666667,3,5.35,5790700,30980245,-0.153647329121195
"18","2020-08-19",0.087,18,5.39,5728300,30875537,-0.154796094198736
"19","2020-08-20",-0.0128333333333333,18,5.69,13728400,78114596,-0.163411832280299
"20","2020-08-21",0.243125,16,5.19,8216900,42645711,-0.149052268811028
"21","2020-08-24",0.143,5,5.41,8498200,45975262,-0.155370476737507
"22","2020-08-25",-0.17575,4,5.54,5296900,29344826,-0.159103963239518
"23","2020-08-26",0.058625,8,5.6,4419400,24748640,-0.16082711085583
"24","2020-08-27",-0.0513333333333333,36,6.52,31921200,208126224,-0.187248707639288
"25","2020-08-28",-0.0368666666666667,15,6.3,9882700,62261010,-0.180930499712809
"26","2020-08-29",0.013,1,NA,NA,NA,NA
"27","2020-08-30",0.3052,5,NA,NA,NA,NA
"28","2020-08-31",0.2,4,5.88,9820200,57742776,-0.168868466398621
"29","2020-09-01",-0.0243783783783784,37,6.07,9524000,57810680,-0.174325100516944
"30","2020-09-02",0.214027027027027,37,7.04,43056200,303115648,-0.202182653647329
"31","2020-09-03",-0.000470588235294115,17,6.6,10626600,70135560,-0.189546237794371
"32","2020-09-04",0.0253157894736842,19,7.02,9328800,65488176,-0.201608271108558
"33","2020-09-05",0.103826086956522,23,NA,NA,NA,NA
"34","2020-09-06",0.168454545454545,33,NA,NA,NA,NA
"35","2020-09-07",0.24775,4,NA,NA,NA,NA
"36","2020-09-08",0.250333333333333,3,6.42,6667400,42804708,-0.184376794945434
"37","2020-09-09",0.0493333333333333,3,6.26,5578200,34919532,-0.179781734635267
"38","2020-09-10",0.0423333333333333,3,5.94,5881800,34937892,-0.170591614014934
"39","2020-09-11",0.416,5,5.79,4863000,28156770,-0.166283744974153
"40","2020-09-12",-0.003,3,NA,NA,NA,NA
"41","2020-09-13",-0.0388,5,NA,NA,NA,NA
"42","2020-09-14",-0.0905,6,5.54,4638100,25695074,-0.159103963239518
"43","2020-09-15",-0.128,1,5.52,5099300,28148136,-0.158529580700747
"44","2020-09-16",0.0314545454545455,11,5.76,4380600,25232256,-0.165422171165997
"45","2020-09-18",0.051,6,5.67,2428500,13769595,-0.162837449741528
"46","2020-09-19",0.482666666666667,3,NA,NA,NA,NA
"47","2020-09-20",0.4445,2,NA,NA,NA,NA
"48","2020-09-22",0,1,5.21,2090100,10889421,-0.149626651349799
"49","2020-09-23",-0.11,5,4.78,4285200,20483256,-0.137277426766226
"50","2020-09-24",0.463333333333333,3,4.61,4569700,21066317,-0.132395175186674
"51","2020-09-25",-0.013,1,4.88,2375500,11592440,-0.14014933946008
"52","2020-09-29",0,2,4.86,2520000,12247200,-0.13957495692131
"53","2020-10-01",0.0745,4,4.65,3223800,14990670,-0.133543940264216
"54","2020-10-02",0.421,1,4.65,3576000,16628400,-0.133543940264216
"55","2020-10-03",0.069,1,NA,NA,NA,NA
"56","2020-10-04",-0.0179333333333333,15,NA,NA,NA,NA
"57","2020-10-05",-0.0106842105263158,19,4.13,9468800,39106144,-0.118609994256175
"58","2020-10-06",0.02324,25,4.06,8404200,34121052,-0.116599655370477
"59","2020-10-07",0.0882,5,4.04,6917700,27947508,-0.116025272831706
"60","2020-10-08",0.242,7,4.14,7868500,32575590,-0.11889718552556
"61","2020-10-09",0.228153846153846,13,4.05,5021400,20336670,-0.116312464101091
"62","2020-10-10",0.0713333333333333,3,NA,NA,NA,NA
"63","2020-10-11",-0.0986666666666667,3,NA,NA,NA,NA
"64","2020-10-12",0.205428571428571,7,4.08,3245700,13242456,-0.117174037909248
"65","2020-10-13",0.0932083333333333,24,3.54,10164700,35983038,-0.101665709362435
"66","2020-10-14",-0.0573026315789474,76,2.96,31709400,93859824,-0.0850086157380816
"67","2020-10-15",0.0556666666666667,33,2.78,9808600,27267908,-0.0798391728891442
"68","2020-10-16",0.083989247311828,93,3.04,18565800,56440032,-0.0873061458931648
"69","2020-10-17",0.237388888888889,18,NA,NA,NA,NA
"70","2020-10-18",-0.063448275862069,29,NA,NA,NA,NA
"71","2020-10-19",0.113016393442623,61,3.54,40385100,142963254,-0.101665709362435
"72","2020-10-20",0.0644150943396226,53,3.09,15978800,49374492,-0.0887421022400919
"73","2020-10-21",0.0786428571428572,14,3,7277300,21831900,-0.0861573808156232
"74","2020-10-22",0.0501851851851852,27,3.12,12339600,38499552,-0.0896036760482481
"75","2020-10-23",0.02088,25,2.97,6635000,19705950,-0.085295807007467
"76","2020-10-24",0.0127755102040816,49,NA,NA,NA,NA
"77","2020-10-25",0.12475,36,NA,NA,NA,NA
"78","2020-10-26",0.09138,50,2.75,10458800,28761700,-0.0789775990809879
"79","2020-10-27",0.087728813559322,59,2.79,11251300,31391127,-0.0801263641585296
"80","2020-10-28",0.0061875,48,2.61,8141100,21248271,-0.0749569213095922
"81","2020-10-29",-0.0167,10,2.52,9019300,22728636,-0.0723721998851235
"82","2020-10-30",-0.111625,16,2.36,10968800,25886368,-0.0677771395749569
"83","2020-10-31",0.027,12,NA,NA,NA,NA
"84","2020-11-01",0.12445,20,NA,NA,NA,NA
"85","2020-11-02",0.0433148148148148,108,2.15,11180100,24037215,-0.0617461229178633
"86","2020-11-03",0.094734693877551,98,2.34,15441900,36134046,-0.0672027570361861
"87","2020-11-04",0.03645,20,2.31,7609100,17577021,-0.0663411832280299
"88","2020-11-06",0.334833333333333,6,2.49,9049500,22533255,-0.0715106260769673
"89","2020-11-07",-0.2326,5,NA,NA,NA,NA
"90","2020-11-08",0.1439375,16,NA,NA,NA,NA
"91","2020-11-09",0.065252,250,3.77,132511000,499566470,-0.1082711085583
"92","2020-11-10",-0.0578227848101266,79,3.51,42129300,147873843,-0.100804135554279
"93","2020-11-11",0.0774074074074074,54,3.13,24066100,75326893,-0.0898908673176335
"94","2020-11-12",0.0983783783783784,37,2.94,14729000,43303260,-0.0844342331993107
"95","2020-11-13",0.02909375,32,2.97,21995400,65326338,-0.085295807007467
"96","2020-11-14",0.00653333333333334,15,NA,NA,NA,NA
"97","2020-11-15",0.2885,8,NA,NA,NA,NA
"98","2020-11-16",0.0163934426229508,61,3.11,47604300,148049373,-0.0893164847788627
"99","2020-11-17",0.0571052631578947,19,2.98,22483000,66999340,-0.0855829982768524
"100","2020-11-18",0.15395,20,3.26,31717300,103398398,-0.0936243538196439
"101","2020-11-19",0.066,19,3.19,13986400,44616616,-0.091614014933946
"102","2020-11-20",-0.0296470588235294,17,3.35,17088800,57247480,-0.0962090752441126
"103","2020-11-21",-0.074,4,NA,NA,NA,NA
"104","2020-11-22",-0.0995,2,NA,NA,NA,NA
"105","2020-11-23",0.190315789473684,19,3.81,31514600,120070626,-0.109419873635841
"106","2020-11-24",0.07178125,64,4.58,62884600,288011468,-0.131533601378518
"107","2020-11-25",0.0938333333333333,36,4.49,22647300,101686377,-0.128948879954049
"108","2020-11-26",0.0108888888888889,9,NA,NA,NA,NA
"109","2020-11-27",0.106625,8,4.45,10097400,44933430,-0.127800114876508
"110","2020-11-28",0.613285714285714,7,NA,NA,NA,NA
"111","2020-11-29",0.269909090909091,11,NA,NA,NA,NA
"112","2020-11-30",0.14895,20,4.27,16555000,70689850,-0.12263067202757
"113","2020-12-01",-0.0783571428571429,14,4.15,12293500,51018025,-0.119184376794945
"114","2020-12-02",-0.00127272727272727,11,4.32,11847600,51181632,-0.124066628374497
"115","2020-12-03",0.1534,15,3.63,66080900,239873667,-0.104250430786904
"116","2020-12-04",-0.0786756756756757,111,3.51,33157300,116382123,-0.100804135554279
"117","2020-12-05",0.0869189189189189,37,NA,NA,NA,NA
"118","2020-12-06",-0.0200952380952381,21,NA,NA,NA,NA
"119","2020-12-07",0.0291333333333333,30,3.56,20503900,72993884,-0.102240091901206
"120","2020-12-08",0.027578947368421,19,3.98,29530600,117531788,-0.114302125215393
"121","2020-12-09",0.131333333333333,3,3.86,20991200,81026032,-0.110855829982769
"122","2020-12-10",0.282428571428571,21,4.09,19872800,81279752,-0.117461229178633
"123","2020-12-11",-0.127142857142857,28,3.92,22310400,87456768,-0.112578977599081
"124","2020-12-12",0.229772727272727,22,NA,NA,NA,NA
"125","2020-12-13",0.0341,10,NA,NA,NA,NA
"126","2020-12-14",0.101551724137931,58,3.19,67159000,214237210,-0.091614014933946
"127","2020-12-15",-0.0588493150684932,73,2.86,54432100,155675806,-0.0821367030442274
"128","2020-12-16",0.11775,76,2.78,25423200,70676496,-0.0798391728891442
"129","2020-12-17",0.116310810810811,74,2.85,23799300,67828005,-0.0818495117748421
"130","2020-12-18",0.00672727272727272,22,2.8,21941700,61436760,-0.080413555427915
"131","2020-12-19",-0.0145454545454545,11,NA,NA,NA,NA
"132","2020-12-20",-0.049,5,NA,NA,NA,NA
"133","2020-12-21",0.167620253164557,79,2.68,22699800,60835464,-0.0769672601952901
"134","2020-12-22",0.190470588235294,34,2.59,21638400,56043456,-0.0743825387708214
"135","2020-12-23",-0.0116785714285714,28,2.56,15724800,40255488,-0.0735209649626651
"136","2020-12-24",-0.02025,4,2.51,11094200,27846442,-0.0720850086157381
"137","2020-12-25",0.109090909090909,11,NA,NA,NA,NA
"138","2020-12-26",0.0498461538461539,13,NA,NA,NA,NA
"139","2020-12-27",-0.02205,20,NA,NA,NA,NA
"140","2020-12-28",-0.0843720930232558,43,2.39,23942700,57223053,-0.0686387133831132
"141","2020-12-29",0.245871794871795,39,2.29,21086100,48287169,-0.0657668006892591
"142","2020-12-30",0.0579722222222222,36,2.16,40278400,87001344,-0.0620333141872487
"143","2020-12-31",-0.0886666666666667,24,2.12,28234300,59856716,-0.0608845491097071
"144","2021-01-01",0.022,5,NA,NA,NA,NA
"145","2021-01-02",0.246,2,NA,NA,NA,NA
"146","2021-01-03",0,1,NA,NA,NA,NA
"147","2021-01-04",0.165666666666667,6,2.01,29873800,60046338,-0.0577254451464675
"148","2021-01-05",-0.0691,10,1.98,28148300,55733634,-0.0568638713383113
"149","2021-01-06",0.090625,8,2.01,67363300,135400233,-0.0577254451464675
"150","2021-01-07",-0.321285714285714,7,2.05,26150500,53608525,-0.0588742102240092
"151","2021-01-08",-0.246,3,2.14,39553300,84644062,-0.0614589316484779
"152","2021-01-09",0,2,NA,NA,NA,NA
"153","2021-01-10",-0.392,2,NA,NA,NA,NA
"154","2021-01-11",-0.0785714285714286,7,2.2,41695800,91730760,-0.0631820792647904
"155","2021-01-12",-0.182833333333333,6,2.29,41784300,95686047,-0.0657668006892591
"156","2021-01-13",-0.0421,10,2.18,45847700,99947986,-0.0626076967260195
"157","2021-01-14",-0.00393333333333333,15,2.18,49638800,108212584,-0.0626076967260195
"158","2021-01-15",0.0276859504132231,121,2.33,162356400,378290412,-0.0669155657668007
"159","2021-01-16",0.0451666666666667,6,NA,NA,NA,NA
"160","2021-01-17",0.01,6,NA,NA,NA,NA
"161","2021-01-18",0.0320405405405405,74,NA,NA,NA,NA
"162","2021-01-19",0.0428186046511628,215,3.06,256276000,784204560,-0.0878805284319357
"163","2021-01-20",0.0270728476821192,151,2.97,181862200,540130734,-0.085295807007467
"164","2021-01-21",0.0166875,64,2.98,64823800,193174924,-0.0855829982768524
"165","2021-01-22",0.0486252545824847,982,3.51,268273400,941639634,-0.100804135554279
"166","2021-01-23",0.162027027027027,111,NA,NA,NA,NA
"167","2021-01-24",0.215210526315789,19,NA,NA,NA,NA
"168","2021-01-27",0.0252520856002902,27570,19.9,1222342500,24324615750,-0.571510626076967
"169","2021-01-28",0.0139747843397478,34661,8.63,591223900,5102262257,-0.247846065479609
"170","2021-01-29",0.0779921832517673,29424,13.26,602193300,7985083158,-0.380815623205055
"171","2021-01-30",0.147596260132646,21712,NA,NA,NA,NA
"172","2021-01-31",NA,16275,NA,NA,NA,NA
"173",NA,NA,725,NA,NA,NA,NA
