"","Date","BB_avg_sentiment","BB_count"
"1",2020-08-01,-0.07075,12
"2",2020-08-02,0.189,11
"3",2020-08-03,0.0987666666666667,30
"4",2020-08-04,0.1194,40
"5",2020-08-05,0.144115384615385,26
"6",2020-08-06,0.150357142857143,28
"7",2020-08-07,0.157107142857143,28
"8",2020-08-08,0.3272,15
"9",2020-08-09,0.180181818181818,11
"10",2020-08-10,0.11275,24
"11",2020-08-11,0.035304347826087,23
"12",2020-08-12,0.0521333333333333,30
"13",2020-08-13,0.176413793103448,29
"14",2020-08-14,0.1632,30
"15",2020-08-15,-0.0986666666666667,15
"16",2020-08-16,0.196421052631579,19
"17",2020-08-17,-0.00484374999999999,32
"18",2020-08-18,-0.01232,25
"19",2020-08-19,0.120657894736842,38
"20",2020-08-20,0.0944347826086956,23
"21",2020-08-21,0.147411764705882,34
"22",2020-08-22,0.13775,4
"23",2020-08-23,0.2248125,16
"24",2020-08-24,0.0866578947368421,38
"25",2020-08-25,0.174870967741935,31
"26",2020-08-26,0.131463414634146,41
"27",2020-08-27,0.0256521739130435,23
"28",2020-08-28,0.139296296296296,27
"29",2020-08-29,0.130714285714286,7
"30",2020-08-30,0.0422,10
"31",2020-08-31,0.14816,25
"32",2020-09-01,0.0791702127659574,47
"33",2020-09-02,0.0850714285714286,56
"34",2020-09-03,0.182928571428571,42
"35",2020-09-04,0.157428571428571,49
"36",2020-09-05,0.0925,8
"37",2020-09-06,0.17,7
"38",2020-09-07,-0.036,14
"39",2020-09-08,0.0702333333333333,30
"40",2020-09-09,-0.0170909090909091,22
"41",2020-09-10,0.0577037037037037,27
"42",2020-09-11,0.157421052631579,19
"43",2020-09-12,0.00455555555555556,9
"44",2020-09-13,0.125818181818182,11
"45",2020-09-14,0.115344827586207,29
"46",2020-09-15,0.0391111111111111,18
"47",2020-09-16,0.12696,25
"48",2020-09-17,0.0329090909090909,11
"49",2020-09-18,0.057,21
"50",2020-09-19,0.161714285714286,7
"51",2020-09-20,0.148555555555556,9
"52",2020-09-21,0.1858,5
"53",2020-09-22,0.133285714285714,7
"54",2020-09-23,0.281755555555556,45
"55",2020-09-24,0.0729523809523809,21
"56",2020-09-25,0.0665454545454545,11
"57",2020-09-26,0.0907777777777778,9
"58",2020-09-27,0.17875,8
"59",2020-09-28,-0.0436666666666667,15
"60",2020-09-29,0.206272727272727,11
"61",2020-09-30,0.0830454545454545,22
"62",2020-10-01,-0.0556842105263158,19
"63",2020-10-02,-0.0065625,16
"64",2020-10-03,0.339571428571429,14
"65",2020-10-04,0.0218333333333333,6
"66",2020-10-05,0.200285714285714,14
"67",2020-10-06,0.027,13
"68",2020-10-07,-0.0199411764705882,17
"69",2020-10-08,-0.0597,20
"70",2020-10-09,-0.00377777777777778,18
"71",2020-10-10,0.303333333333333,3
"72",2020-10-11,0.146666666666667,3
"73",2020-10-12,0.117230769230769,13
"74",2020-10-13,0.073,8
"75",2020-10-14,0.0628333333333333,18
"76",2020-10-15,0.0572692307692308,26
"77",2020-10-16,0.10365,20
"78",2020-10-17,-0.023125,8
"79",2020-10-18,0.228571428571429,7
"80",2020-10-19,0.215428571428571,7
"81",2020-10-20,0.046875,16
"82",2020-10-21,0.09835,20
"83",2020-10-22,0.0204117647058824,17
"84",2020-10-23,0.245823529411765,17
"85",2020-10-24,0.0645,4
"86",2020-10-25,0.113333333333333,3
"87",2020-10-26,0.0015,14
"88",2020-10-27,0.229076923076923,13
"89",2020-10-28,0.246736842105263,19
"90",2020-10-29,-0.02035,20
"91",2020-10-30,0.0652,10
"92",2020-10-31,0.0701111111111111,9
"93",2020-11-01,0.1935,6
"94",2020-11-02,0.0770909090909091,11
"95",2020-11-03,0.0472916666666667,24
"96",2020-11-04,-0.0098421052631579,19
"97",2020-11-06,0.26,3
"98",2020-11-07,0.140555555555556,9
"99",2020-11-08,0.064125,8
"100",2020-11-09,0.137217391304348,23
"101",2020-11-10,0.1821875,16
"102",2020-11-11,0.115785714285714,28
"103",2020-11-12,0.105740740740741,27
"104",2020-11-13,0.15452,25
"105",2020-11-14,-0.0248,5
"106",2020-11-15,0.395285714285714,7
"107",2020-11-16,0.133677419354839,31
"108",2020-11-17,0.122828571428571,35
"109",2020-11-18,0.0369714285714286,35
"110",2020-11-19,-0.0280588235294118,17
"111",2020-11-20,0.101333333333333,24
"112",2020-11-21,0.3008,5
"113",2020-11-22,0.0246363636363636,11
"114",2020-11-23,0.1262,35
"115",2020-11-24,0.0173863636363636,44
"116",2020-11-25,0.0279166666666667,48
"117",2020-11-26,0.073578947368421,19
"118",2020-11-27,0.238142857142857,42
"119",2020-11-28,0.14695652173913,23
"120",2020-11-29,0.0697857142857143,14
"121",2020-11-30,0.0946734693877551,49
"122",2020-12-01,0.0606317169069463,763
"123",2020-12-02,0.0746320987654321,405
"124",2020-12-03,0.012368932038835,103
"125",2020-12-04,0.0697142857142857,175
"126",2020-12-05,0.0477179487179487,39
"127",2020-12-06,0.151212121212121,165
"128",2020-12-07,0.0806732673267327,303
"129",2020-12-08,0.0806897810218978,274
"130",2020-12-09,0.0661699346405229,153
"131",2020-12-10,0.116,87
"132",2020-12-11,0.115904761904762,105
"133",2020-12-12,0.169451612903226,31
"134",2020-12-13,0.0853863636363636,44
"135",2020-12-14,0.0498860759493671,79
"136",2020-12-15,0.104455445544554,101
"137",2020-12-16,0.0696625,80
"138",2020-12-17,0.0203263403263403,429
"139",2020-12-18,-0.0146061452513966,358
"140",2020-12-19,0.091952380952381,63
"141",2020-12-20,0.000999999999999999,39
"142",2020-12-21,-0.0215131578947368,76
"143",2020-12-22,0.0420758620689655,145
"144",2020-12-23,0.0805176470588235,170
"145",2020-12-24,0.0912131147540984,61
"146",2020-12-25,0.110611111111111,18
"147",2020-12-26,-0.108409090909091,22
"148",2020-12-27,0.0536923076923077,26
"149",2020-12-28,0.0143303571428571,112
"150",2020-12-29,0.105506493506494,77
"151",2020-12-30,0.0817571428571429,70
"152",2020-12-31,0.217512820512821,39
"153",2021-01-01,0.015875,16
"154",2021-01-02,0.101869565217391,23
"155",2021-01-03,0.241633333333333,30
"156",2021-01-04,0.038,39
"157",2021-01-05,0.046780487804878,41
"158",2021-01-06,0.0689178082191781,73
"159",2021-01-07,0.155422222222222,90
"160",2021-01-08,0.100789915966387,119
"161",2021-01-09,0.079741935483871,31
"162",2021-01-10,0.119892857142857,28
"163",2021-01-11,0.0650989010989011,91
"164",2021-01-12,0.0997558139534884,86
"165",2021-01-13,0.164445544554455,101
"166",2021-01-14,0.0805244813278008,2410
"167",2021-01-15,0.0591172234140362,6526
"168",2021-01-16,0.103895796847636,1142
"169",2021-01-17,0.137635658914729,774
"170",2021-01-18,NA,1444
"171",2021-01-19,0.103109421000981,4076
"172",2021-01-20,0.0817451815329449,4462
"173",2021-01-21,0.102415168100078,3837
"174",2021-01-22,0.0997693419151452,7613
"175",2021-01-23,0.15035542607429,4119
"176",2021-01-24,0.191195721925134,935
"177",2021-01-27,0.0442129087359688,16392
"178",2021-01-28,0.0231134201819686,19344
"179",2021-01-29,0.0697811632270169,13325
"180",2021-01-30,0.143750106067034,7071
"181",2021-01-31,0.141938207828333,5033
"182",NA,0.0796036217303823,497
