"","Date","BB_avg_sentiment","BB_count","BB_close","BB_volume","BB_market_cap","BB_PE_ratio"
"1","2020-08-01",-0.07075,12,NA,NA,NA,NA
"2","2020-08-02",0.189,11,NA,NA,NA,NA
"3","2020-08-03",0.0987666666666667,30,4.74,1905700,9033018,-3.18120805369128
"4","2020-08-04",0.1194,40,4.75,3146700,14946825,-3.18791946308725
"5","2020-08-05",0.144115384615385,26,4.84,2314600,11202664,-3.24832214765101
"6","2020-08-06",0.150357142857143,28,4.96,5436300,26964048,-3.32885906040268
"7","2020-08-07",0.157107142857143,28,4.84,5364600,25964664,-3.24832214765101
"8","2020-08-08",0.3272,15,NA,NA,NA,NA
"9","2020-08-09",0.180181818181818,11,NA,NA,NA,NA
"10","2020-08-10",0.11275,24,4.84,2386700,11551628,-3.24832214765101
"11","2020-08-11",0.035304347826087,23,4.79,3279900,15710721,-3.21476510067114
"12","2020-08-12",0.0521333333333333,30,4.82,1893900,9128598,-3.23489932885906
"13","2020-08-13",0.176413793103448,29,4.89,2495600,12203484,-3.28187919463087
"14","2020-08-14",0.1632,30,4.8,2574800,12359040,-3.22147651006711
"15","2020-08-15",-0.0986666666666667,15,NA,NA,NA,NA
"16","2020-08-16",0.196421052631579,19,NA,NA,NA,NA
"17","2020-08-17",-0.00484374999999999,32,4.81,1842300,8861463,-3.22818791946309
"18","2020-08-18",-0.01232,25,4.79,2432900,11653591,-3.21476510067114
"19","2020-08-19",0.120657894736842,38,4.78,2641700,12627326,-3.20805369127517
"20","2020-08-20",0.0944347826086956,23,4.83,2103300,10158939,-3.24161073825503
"21","2020-08-21",0.147411764705882,34,4.75,2038200,9681450,-3.18791946308725
"22","2020-08-22",0.13775,4,NA,NA,NA,NA
"23","2020-08-23",0.2248125,16,NA,NA,NA,NA
"24","2020-08-24",0.0866578947368421,38,4.79,2528200,12110078,-3.21476510067114
"25","2020-08-25",0.174870967741935,31,4.78,2470300,11808034,-3.20805369127517
"26","2020-08-26",0.131463414634146,41,5.08,7741000,39324280,-3.40939597315436
"27","2020-08-27",0.0256521739130435,23,5.03,3544300,17827829,-3.3758389261745
"28","2020-08-28",0.139296296296296,27,5.23,3993900,20888097,-3.51006711409396
"29","2020-08-29",0.130714285714286,7,NA,NA,NA,NA
"30","2020-08-30",0.0422,10,NA,NA,NA,NA
"31","2020-08-31",0.14816,25,5.22,4303000,22461660,-3.50335570469799
"32","2020-09-01",0.0791702127659574,47,5.58,6662900,37178982,-3.74496644295302
"33","2020-09-02",0.0850714285714286,56,5.52,5100100,28152552,-3.70469798657718
"34","2020-09-03",0.182928571428571,42,5.18,5338800,27654984,-3.47651006711409
"35","2020-09-04",0.157428571428571,49,5.11,5839600,29840356,-3.42953020134228
"36","2020-09-05",0.0925,8,NA,NA,NA,NA
"37","2020-09-06",0.17,7,NA,NA,NA,NA
"38","2020-09-07",-0.036,14,NA,NA,NA,NA
"39","2020-09-08",0.0702333333333333,30,4.93,3747400,18474682,-3.30872483221476
"40","2020-09-09",-0.0170909090909091,22,4.92,3597600,17700192,-3.30201342281879
"41","2020-09-10",0.0577037037037037,27,4.8,3545900,17020320,-3.22147651006711
"42","2020-09-11",0.157421052631579,19,4.75,3690600,17530350,-3.18791946308725
"43","2020-09-12",0.00455555555555556,9,NA,NA,NA,NA
"44","2020-09-13",0.125818181818182,11,NA,NA,NA,NA
"45","2020-09-14",0.115344827586207,29,4.82,3552400,17122568,-3.23489932885906
"46","2020-09-15",0.0391111111111111,18,4.81,2491000,11981710,-3.22818791946309
"47","2020-09-16",0.12696,25,4.73,3158600,14940178,-3.1744966442953
"48","2020-09-17",0.0329090909090909,11,4.73,3696400,17483972,-3.1744966442953
"49","2020-09-18",0.057,21,4.86,4055400,19709244,-3.26174496644295
"50","2020-09-19",0.161714285714286,7,NA,NA,NA,NA
"51","2020-09-20",0.148555555555556,9,NA,NA,NA,NA
"52","2020-09-21",0.1858,5,4.76,3244900,15445724,-3.19463087248322
"53","2020-09-22",0.133285714285714,7,4.94,3316700,16384498,-3.31543624161074
"54","2020-09-23",0.281755555555556,45,4.8,4556100,21869280,-3.22147651006711
"55","2020-09-24",0.0729523809523809,21,4.75,17292800,82140800,-3.18791946308725
"56","2020-09-25",0.0665454545454545,11,4.77,5590800,26668116,-3.20134228187919
"57","2020-09-26",0.0907777777777778,9,NA,NA,NA,NA
"58","2020-09-27",0.17875,8,NA,NA,NA,NA
"59","2020-09-28",-0.0436666666666667,15,4.61,7265700,33494877,-3.09395973154362
"60","2020-09-29",0.206272727272727,11,4.63,5843900,27057257,-3.10738255033557
"61","2020-09-30",0.0830454545454545,22,4.59,3808500,17481015,-3.08053691275168
"62","2020-10-01",-0.0556842105263158,19,4.58,4971200,22768096,-3.0738255033557
"63","2020-10-02",-0.0065625,16,4.44,6539300,29034492,-2.97986577181208
"64","2020-10-03",0.339571428571429,14,NA,NA,NA,NA
"65","2020-10-04",0.0218333333333333,6,NA,NA,NA,NA
"66","2020-10-05",0.200285714285714,14,4.5,3106300,13978350,-3.02013422818792
"67","2020-10-06",0.027,13,4.55,3966000,18045300,-3.05369127516779
"68","2020-10-07",-0.0199411764705882,17,4.57,2166900,9902733,-3.06711409395973
"69","2020-10-08",-0.0597,20,4.6,2154100,9908860,-3.08724832214765
"70","2020-10-09",-0.00377777777777778,18,4.73,2618200,12384086,-3.1744966442953
"71","2020-10-10",0.303333333333333,3,NA,NA,NA,NA
"72","2020-10-11",0.146666666666667,3,NA,NA,NA,NA
"73","2020-10-12",0.117230769230769,13,4.75,2268300,10774425,-3.18791946308725
"74","2020-10-13",0.073,8,5.14,10691100,54952254,-3.4496644295302
"75","2020-10-14",0.0628333333333333,18,5.08,5209400,26463752,-3.40939597315436
"76","2020-10-15",0.0572692307692308,26,5.16,4452600,22975416,-3.46308724832215
"77","2020-10-16",0.10365,20,4.98,5982500,29792850,-3.34228187919463
"78","2020-10-17",-0.023125,8,NA,NA,NA,NA
"79","2020-10-18",0.228571428571429,7,NA,NA,NA,NA
"80","2020-10-19",0.215428571428571,7,5.19,4816400,24997116,-3.48322147651007
"81","2020-10-20",0.046875,16,5.08,4616000,23449280,-3.40939597315436
"82","2020-10-21",0.09835,20,5.1,3555800,18134580,-3.42281879194631
"83","2020-10-22",0.0204117647058824,17,5.13,2651600,13602708,-3.44295302013423
"84","2020-10-23",0.245823529411765,17,5.12,2568000,13148160,-3.43624161073825
"85","2020-10-24",0.0645,4,NA,NA,NA,NA
"86","2020-10-25",0.113333333333333,3,NA,NA,NA,NA
"87","2020-10-26",0.0015,14,4.88,3772800,18411264,-3.2751677852349
"88","2020-10-27",0.229076923076923,13,4.85,2077900,10077815,-3.25503355704698
"89","2020-10-28",0.246736842105263,19,4.57,4031200,18422584,-3.06711409395973
"90","2020-10-29",-0.02035,20,4.61,2557000,11787770,-3.09395973154362
"91","2020-10-30",0.0652,10,4.49,3573900,16046811,-3.01342281879195
"92","2020-10-31",0.0701111111111111,9,NA,NA,NA,NA
"93","2020-11-01",0.1935,6,NA,NA,NA,NA
"94","2020-11-02",0.0770909090909091,11,4.48,2864500,12832960,-3.00671140939597
"95","2020-11-03",0.0472916666666667,24,4.67,2781700,12990539,-3.13422818791946
"96","2020-11-04",-0.0098421052631579,19,4.68,3113900,14573052,-3.14093959731544
"97","2020-11-06",0.26,3,4.83,2853800,13783854,-3.24161073825503
"98","2020-11-07",0.140555555555556,9,NA,NA,NA,NA
"99","2020-11-08",0.064125,8,NA,NA,NA,NA
"100","2020-11-09",0.137217391304348,23,4.93,3986500,19653445,-3.30872483221476
"101","2020-11-10",0.1821875,16,5.02,4143600,20800872,-3.36912751677852
"102","2020-11-11",0.115785714285714,28,5.19,5724600,29710674,-3.48322147651007
"103","2020-11-12",0.105740740740741,27,4.99,2987500,14907625,-3.3489932885906
"104","2020-11-13",0.15452,25,5.11,5360500,27392155,-3.42953020134228
"105","2020-11-14",-0.0248,5,NA,NA,NA,NA
"106","2020-11-15",0.395285714285714,7,NA,NA,NA,NA
"107","2020-11-16",0.133677419354839,31,5.19,3276300,17003997,-3.48322147651007
"108","2020-11-17",0.122828571428571,35,5.29,3229300,17082997,-3.5503355704698
"109","2020-11-18",0.0369714285714286,35,5.44,6118700,33285728,-3.6510067114094
"110","2020-11-19",-0.0280588235294118,17,5.36,4367200,23408192,-3.59731543624161
"111","2020-11-20",0.101333333333333,24,5.76,6583400,37920384,-3.86577181208054
"112","2020-11-21",0.3008,5,NA,NA,NA,NA
"113","2020-11-22",0.0246363636363636,11,NA,NA,NA,NA
"114","2020-11-23",0.1262,35,5.66,4995700,28275662,-3.79865771812081
"115","2020-11-24",0.0173863636363636,44,5.7,5142800,29313960,-3.8255033557047
"116","2020-11-25",0.0279166666666667,48,5.91,4992200,29503902,-3.96644295302013
"117","2020-11-26",0.073578947368421,19,NA,NA,NA,NA
"118","2020-11-27",0.238142857142857,42,6.15,3742500,23016375,-4.12751677852349
"119","2020-11-28",0.14695652173913,23,NA,NA,NA,NA
"120","2020-11-29",0.0697857142857143,14,NA,NA,NA,NA
"121","2020-11-30",0.0946734693877551,49,5.87,6862900,40285223,-3.93959731543624
"122","2020-12-01",0.0606317169069463,763,7,330186600,2311306200,-4.69798657718121
"123","2020-12-02",0.0746320987654321,405,7.45,150129800,1118467010,-5
"124","2020-12-03",0.012368932038835,103,7.46,40307200,300691712,-5.00671140939597
"125","2020-12-04",0.0697142857142857,175,8.52,69814500,594819540,-5.71812080536913
"126","2020-12-05",0.0477179487179487,39,NA,NA,NA,NA
"127","2020-12-06",0.151212121212121,165,NA,NA,NA,NA
"128","2020-12-07",0.0806732673267327,303,8.25,44629100,368190075,-5.53691275167785
"129","2020-12-08",0.0806897810218978,274,8.52,26885100,229061052,-5.71812080536913
"130","2020-12-09",0.0661699346405229,153,8.31,19628000,163108680,-5.57718120805369
"131","2020-12-10",0.116,87,8.37,10923200,91427184,-5.61744966442953
"132","2020-12-11",0.115904761904762,105,8.16,11643200,95008512,-5.47651006711409
"133","2020-12-12",0.169451612903226,31,NA,NA,NA,NA
"134","2020-12-13",0.0853863636363636,44,NA,NA,NA,NA
"135","2020-12-14",0.0498860759493671,79,8.25,14675500,121072875,-5.53691275167785
"136","2020-12-15",0.104455445544554,101,8.3,9819700,81503510,-5.57046979865772
"137","2020-12-16",0.0696625,80,8.24,8043200,66275968,-5.53020134228188
"138","2020-12-17",0.0203263403263403,429,8.26,17717900,146349854,-5.54362416107383
"139","2020-12-18",-0.0146061452513966,358,6.95,49470100,343817195,-4.66442953020134
"140","2020-12-19",0.091952380952381,63,NA,NA,NA,NA
"141","2020-12-20",0.000999999999999999,39,NA,NA,NA,NA
"142","2020-12-21",-0.0215131578947368,76,7.11,17988300,127896813,-4.77181208053691
"143","2020-12-22",0.0420758620689655,145,7.19,16741500,120371385,-4.8255033557047
"144","2020-12-23",0.0805176470588235,170,7.09,9115500,64628895,-4.75838926174497
"145","2020-12-24",0.0912131147540984,61,7.06,6088300,42983398,-4.73825503355705
"146","2020-12-25",0.110611111111111,18,NA,NA,NA,NA
"147","2020-12-26",-0.108409090909091,22,NA,NA,NA,NA
"148","2020-12-27",0.0536923076923077,26,NA,NA,NA,NA
"149","2020-12-28",0.0143303571428571,112,6.88,9820100,67562288,-4.61744966442953
"150","2020-12-29",0.105506493506494,77,6.77,11284200,76394034,-4.54362416107382
"151","2020-12-30",0.0817571428571429,70,6.67,9434900,62930783,-4.47651006711409
"152","2020-12-31",0.217512820512821,39,6.63,7530600,49927878,-4.4496644295302
"153","2021-01-01",0.015875,16,NA,NA,NA,NA
"154","2021-01-02",0.101869565217391,23,NA,NA,NA,NA
"155","2021-01-03",0.241633333333333,30,NA,NA,NA,NA
"156","2021-01-04",0.038,39,6.58,11139200,73295936,-4.41610738255034
"157","2021-01-05",0.046780487804878,41,6.77,9108900,61667253,-4.54362416107382
"158","2021-01-06",0.0689178082191781,73,6.71,11022300,73959633,-4.50335570469799
"159","2021-01-07",0.155422222222222,90,7.06,13062800,92223368,-4.73825503355705
"160","2021-01-08",0.100789915966387,119,7.56,23039300,174177108,-5.0738255033557
"161","2021-01-09",0.079741935483871,31,NA,NA,NA,NA
"162","2021-01-10",0.119892857142857,28,NA,NA,NA,NA
"163","2021-01-11",0.0650989010989011,91,7.65,15749600,120484440,-5.13422818791946
"164","2021-01-12",0.0997558139534884,86,7.63,9416000,71844080,-5.12080536912752
"165","2021-01-13",0.164445544554455,101,7.44,8345500,62090520,-4.99328859060403
"166","2021-01-14",0.0805244813278008,2410,9.11,65231300,594257143,-6.11409395973154
"167","2021-01-15",0.0591172234140362,6526,9.84,153854700,1513930248,-6.60402684563758
"168","2021-01-16",0.103895796847636,1142,NA,NA,NA,NA
"169","2021-01-17",0.137635658914729,774,NA,NA,NA,NA
"170","2021-01-18",NA,1444,NA,NA,NA,NA
"171","2021-01-19",0.103109421000981,4076,12.35,112483200,1389167520,-8.28859060402685
"172","2021-01-20",0.0817451815329449,4462,12.79,130140700,1664499553,-8.58389261744966
"173","2021-01-21",0.102415168100078,3837,12.85,63465000,815525250,-8.6241610738255
"174","2021-01-22",0.0997693419151452,7613,14.04,120473600,1691449344,-9.42281879194631
"175","2021-01-23",0.15035542607429,4119,NA,NA,NA,NA
"176","2021-01-24",0.191195721925134,935,NA,NA,NA,NA
"177","2021-01-27",0.0442129087359688,16392,25.1,372222600,9342787260,-16.8456375838926
"178","2021-01-28",0.0231134201819686,19344,14.65,194906600,2855381690,-9.83221476510067
"179","2021-01-29",0.0697811632270169,13325,14.1,93685700,1320968370,-9.46308724832215
"180","2021-01-30",0.143750106067034,7071,NA,NA,NA,NA
"181","2021-01-31",0.141938207828333,5033,NA,NA,NA,NA
"182",NA,0.0796036217303823,497,NA,NA,NA,NA
