"","Date","BBBY_avg_sentiment","BBBY_count","BBBY_close","BBBY_volume","BBBY_market_cap","BBBY_PE_ratio"
"1","2020-08-01",0.011,1,NA,NA,NA,NA
"2","2020-08-02",-0.151,3,NA,NA,NA,NA
"3","2020-08-03",0.03075,4,11.05,6116100,67582905,-1.43880208333333
"4","2020-08-04",0.87,1,11.43,4722800,53981604,-1.48828125
"5","2020-08-05",0,1,11.77,5154600,60669642,-1.53255208333333
"6","2020-08-06",0.077,1,12,5586000,67032000,-1.5625
"7","2020-08-12",-0.84,1,12.12,6002800,72753936,-1.578125
"8","2020-08-13",-0.277,3,12.34,4614000,56936760,-1.60677083333333
"9","2020-08-14",-0.226,1,12.35,3630800,44840380,-1.60807291666667
"10","2020-08-15",-0.836,1,NA,NA,NA,NA
"11","2020-08-17",-0.262,2,12.87,6443200,82923984,-1.67578125
"12","2020-08-19",0.535,1,12.2,5460300,66615660,-1.58854166666667
"13","2020-08-20",-0.044,4,11.47,7521300,86269311,-1.49348958333333
"14","2020-08-25",0.286,2,12.32,5193500,63983920,-1.60416666666667
"15","2020-08-26",0.71,3,12.18,5023500,61186230,-1.5859375
"16","2020-08-27",0.3095,2,11.91,5959300,70975263,-1.55078125
"17","2020-09-01",-0.06775,8,13.04,9212000,120124480,-1.69791666666667
"18","2020-09-02",-0.289666666666667,3,12.44,7048200,87679608,-1.61979166666667
"19","2020-09-08",0.836,1,11.32,5978500,67676620,-1.47395833333333
"20","2020-09-10",0,1,11.98,15614400,187060512,-1.55989583333333
"21","2020-09-13",0.402,1,NA,NA,NA,NA
"22","2020-09-16",0,1,12.83,6634100,85115503,-1.67057291666667
"23","2020-09-21",0.314,3,12.38,6305800,78065804,-1.61197916666667
"24","2020-09-22",-0.313666666666667,3,13.91,20142500,280182175,-1.81119791666667
"25","2020-09-23",-0.0366,5,13.36,6755100,90248136,-1.73958333333333
"26","2020-09-24",0.1316,5,13.93,13581600,189191688,-1.81380208333333
"27","2020-09-25",0.1903,10,14.53,9370100,136147553,-1.89192708333333
"28","2020-09-26",0.101,6,NA,NA,NA,NA
"29","2020-09-28",0.162,7,14.88,9338900,138962832,-1.9375
"30","2020-09-29",0.000285714285714284,7,14.51,6942800,100740028,-1.88932291666667
"31","2020-09-30",-0.052,17,14.98,11833300,177262834,-1.95052083333333
"32","2020-10-01",0.0539583333333333,120,18.75,83797500,1571203125,-2.44140625
"33","2020-10-02",0.0192873563218391,87,20.6,33588800,691929280,-2.68229166666667
"34","2020-10-03",0.160333333333333,9,NA,NA,NA,NA
"35","2020-10-04",-0.0217857142857143,14,NA,NA,NA,NA
"36","2020-10-05",-0.022962962962963,27,20.49,20734500,424849905,-2.66796875
"37","2020-10-06",-0.0526842105263158,19,19.969999,16863100,336756090.1369,-2.60026028645833
"38","2020-10-07",-0.0144615384615385,13,20.85,12434900,259267665,-2.71484375
"39","2020-10-08",0.0840952380952381,21,21.76,7960600,173222656,-2.83333333333333
"40","2020-10-09",0.21075,12,21.459999,8077800,173349579.9222,-2.794270703125
"41","2020-10-11",0.26675,8,NA,NA,NA,NA
"42","2020-10-12",0.3692,5,21.549999,5892900,126991989.1071,-2.805989453125
"43","2020-10-13",0.00394736842105262,19,22.15,9540700,211326505,-2.88411458333333
"44","2020-10-14",-0.0134166666666667,12,23.950001,25575800,612540435.5758,-3.11848971354167
"45","2020-10-15",-0.101545454545455,11,24.959999,10428900,260305333.5711,-3.24999986979167
"46","2020-10-16",0.1935,18,24.84,11420500,283685220,-3.234375
"47","2020-10-17",0.2282,5,NA,NA,NA,NA
"48","2020-10-18",0.00885714285714285,7,NA,NA,NA,NA
"49","2020-10-19",-0.541666666666667,3,24.889999,7890800,196402004.1092,-3.24088528645833
"50","2020-10-20",0.3492,5,24.99,8688700,217130613,-3.25390625
"51","2020-10-21",0.0843333333333333,6,24.440001,4629300,113140096.6293,-3.182291796875
"52","2020-10-22",0.216125,8,25.17,6141100,154571487,-3.27734375
"53","2020-10-23",-0.230333333333333,3,25.360001,5457900,138412349.4579,-3.30208346354167
"54","2020-10-24",-0.796,1,NA,NA,NA,NA
"55","2020-10-25",0.637,1,NA,NA,NA,NA
"56","2020-10-26",0.171,3,24.73,4892400,120989052,-3.22005208333333
"57","2020-10-27",-0.107,2,24.01,4915100,118011551,-3.12630208333333
"58","2020-10-28",0.0185555555555556,9,21.1,19826900,418347590,-2.74739583333333
"59","2020-10-29",-0.223375,8,20.530001,9409500,193177044.4095,-2.67317721354167
"60","2020-10-30",0.665333333333333,3,19.799999,8626100,170796771.3739,-2.57812486979167
"61","2020-11-02",0.913,1,20.200001,6060900,122430186.0609,-2.63020846354167
"62","2020-11-07",0.5255,2,NA,NA,NA,NA
"63","2020-11-08",0.766,1,NA,NA,NA,NA
"64","2020-11-11",0.017,2,19.799999,9016500,178526690.9835,-2.57812486979167
"65","2020-11-15",0,1,NA,NA,NA,NA
"66","2020-11-17",0,1,20.120001,7105200,142956631.1052,-2.619791796875
"67","2020-11-18",0,1,19.860001,6957300,138171984.9573,-2.58593763020833
"68","2020-11-20",0.058,2,20.24,4740000,95937600,-2.63541666666667
"69","2020-11-21",0.02525,4,NA,NA,NA,NA
"70","2020-11-24",-0.283,3,21.969999,9724600,213649452.2754,-2.860676953125
"71","2020-11-25",0.175333333333333,3,21.719999,10330400,224376277.6696,-2.82812486979167
"72","2020-11-26",0.255,3,NA,NA,NA,NA
"73","2020-11-27",0.296,1,21.799999,3812500,83112496.1875,-2.83854153645833
"74","2020-11-28",0.415,2,NA,NA,NA,NA
"75","2020-12-02",0.093,3,20.32,6050200,122940064,-2.64583333333333
"76","2020-12-03",0.3416,5,19.57,7525600,147275992,-2.54817708333333
"77","2020-12-04",-0.577,2,19.700001,6302700,124163196.3027,-2.565104296875
"78","2020-12-07",-0.113666666666667,3,19.17,7226200,138526254,-2.49609375
"79","2020-12-08",0,1,18.59,9612400,178694516,-2.42057291666667
"80","2020-12-09",0,1,18.51,8869500,164174445,-2.41015625
"81","2020-12-11",0.1365,2,19.17,6276500,120320505,-2.49609375
"82","2020-12-14",-0.574,2,18.870001,9481800,178921575.4818,-2.45703138020833
"83","2020-12-15",0,2,19.530001,9012900,176021946.0129,-2.54296888020833
"84","2020-12-16",0.273,1,19.809999,6179200,122409945.8208,-2.579426953125
"85","2020-12-17",0.166666666666667,6,19.799999,5382200,106567554.6178,-2.57812486979167
"86","2020-12-21",0.397875,8,19.26,7505500,144555930,-2.5078125
"87","2020-12-23",-0.0588,5,18.879999,4782300,90289819.2177,-2.458333203125
"88","2020-12-24",0,3,18.6,2426200,45127320,-2.421875
"89","2020-12-25",0.986,1,NA,NA,NA,NA
"90","2020-12-26",0.115,3,NA,NA,NA,NA
"91","2020-12-27",-0.0986,5,NA,NA,NA,NA
"92","2020-12-28",0.414,13,18.77,5879900,110365723,-2.44401041666667
"93","2020-12-29",0.186470588235294,85,18.83,6383300,120197539,-2.45182291666667
"94","2020-12-30",0.075037037037037,54,18.65,5408600,100870390,-2.42838541666667
"95","2020-12-31",-0.0642857142857143,28,17.76,12481800,221676768,-2.3125
"96","2021-01-01",0.0713636363636364,11,NA,NA,NA,NA
"97","2021-01-02",0.167,20,NA,NA,NA,NA
"98","2021-01-03",0.1825,28,NA,NA,NA,NA
"99","2021-01-04",0.155716981132075,53,18.030001,13984900,252147760.9849,-2.34765638020833
"100","2021-01-05",0.0602484076433121,157,19.76,13674400,270206144,-2.57291666666667
"101","2021-01-06",0.0852041884816754,191,21.030001,19065700,400951690.0657,-2.73828138020833
"102","2021-01-07",0.0474254143646409,181,18.73,37425800,700985234,-2.43880208333333
"103","2021-01-08",0.000380952380952375,21,18.940001,11213800,212389383.2138,-2.46614596354167
"104","2021-01-09",0.0113333333333333,6,NA,NA,NA,NA
"105","2021-01-10",0.211428571428571,7,NA,NA,NA,NA
"106","2021-01-11",0.345076923076923,13,20.49,16189800,331729002,-2.66796875
"107","2021-01-12",0.127473684210526,19,21.530001,8798500,189431713.7985,-2.803385546875
"108","2021-01-13",0.171884615384615,52,23.02,19014600,437716092,-2.99739583333333
"109","2021-01-14",0.116887587822014,427,27.34,29231300,799183742,-3.55989583333333
"110","2021-01-15",0.0589173126614987,387,25.6,13654700,349560320,-3.33333333333333
"111","2021-01-16",0.181222222222222,45,NA,NA,NA,NA
"112","2021-01-17",0.126966666666667,30,NA,NA,NA,NA
"113","2021-01-18",0.0102115384615385,52,NA,NA,NA,NA
"114","2021-01-19",0.0571573033707865,89,25.030001,9033000,226095999.033,-3.25911471354167
"115","2021-01-20",0.11495652173913,69,24.969999,7022700,175356811.9773,-3.251301953125
"116","2021-01-21",0.111208333333333,192,26.870001,16657400,447584354.6574,-3.498698046875
"117","2021-01-22",0.0860110701107011,271,30.209999,38895400,1175029995.1046,-3.93359361979167
"118","2021-01-23",0.150087378640777,103,NA,NA,NA,NA
"119","2021-01-24",0.22604347826087,46,NA,NA,NA,NA
"120","2021-01-27",0.0884274300932091,751,52.889999,90316800,4776855461.6832,-6.88671861979167
"121","2021-01-28",0.0177270501835985,817,33.639999,58499900,1967936577.5001,-4.380208203125
"122","2021-01-29",0.0607534562211982,434,35.330002,21607300,763385952.2146,-4.60026067708333
"123","2021-01-30",0.154587044534413,247,NA,NA,NA,NA
"124","2021-01-31",0.13310071942446,278,NA,NA,NA,NA
"125",NA,-0.135851063829787,47,NA,NA,NA,NA
