"","Date","BBBY_avg_sentiment","BBBY_count"
"1",2020-08-01,0.011,1
"2",2020-08-02,-0.151,3
"3",2020-08-03,0.03075,4
"4",2020-08-04,0.87,1
"5",2020-08-05,0,1
"6",2020-08-06,0.077,1
"7",2020-08-12,-0.84,1
"8",2020-08-13,-0.277,3
"9",2020-08-14,-0.226,1
"10",2020-08-15,-0.836,1
"11",2020-08-17,-0.262,2
"12",2020-08-19,0.535,1
"13",2020-08-20,-0.044,4
"14",2020-08-25,0.286,2
"15",2020-08-26,0.71,3
"16",2020-08-27,0.3095,2
"17",2020-09-01,-0.06775,8
"18",2020-09-02,-0.289666666666667,3
"19",2020-09-08,0.836,1
"20",2020-09-10,0,1
"21",2020-09-13,0.402,1
"22",2020-09-16,0,1
"23",2020-09-21,0.314,3
"24",2020-09-22,-0.313666666666667,3
"25",2020-09-23,-0.0366,5
"26",2020-09-24,0.1316,5
"27",2020-09-25,0.1903,10
"28",2020-09-26,0.101,6
"29",2020-09-28,0.162,7
"30",2020-09-29,0.000285714285714284,7
"31",2020-09-30,-0.052,17
"32",2020-10-01,0.0539583333333333,120
"33",2020-10-02,0.0192873563218391,87
"34",2020-10-03,0.160333333333333,9
"35",2020-10-04,-0.0217857142857143,14
"36",2020-10-05,-0.022962962962963,27
"37",2020-10-06,-0.0526842105263158,19
"38",2020-10-07,-0.0144615384615385,13
"39",2020-10-08,0.0840952380952381,21
"40",2020-10-09,0.21075,12
"41",2020-10-11,0.26675,8
"42",2020-10-12,0.3692,5
"43",2020-10-13,0.00394736842105262,19
"44",2020-10-14,-0.0134166666666667,12
"45",2020-10-15,-0.101545454545455,11
"46",2020-10-16,0.1935,18
"47",2020-10-17,0.2282,5
"48",2020-10-18,0.00885714285714285,7
"49",2020-10-19,-0.541666666666667,3
"50",2020-10-20,0.3492,5
"51",2020-10-21,0.0843333333333333,6
"52",2020-10-22,0.216125,8
"53",2020-10-23,-0.230333333333333,3
"54",2020-10-24,-0.796,1
"55",2020-10-25,0.637,1
"56",2020-10-26,0.171,3
"57",2020-10-27,-0.107,2
"58",2020-10-28,0.0185555555555556,9
"59",2020-10-29,-0.223375,8
"60",2020-10-30,0.665333333333333,3
"61",2020-11-02,0.913,1
"62",2020-11-07,0.5255,2
"63",2020-11-08,0.766,1
"64",2020-11-11,0.017,2
"65",2020-11-15,0,1
"66",2020-11-17,0,1
"67",2020-11-18,0,1
"68",2020-11-20,0.058,2
"69",2020-11-21,0.02525,4
"70",2020-11-24,-0.283,3
"71",2020-11-25,0.175333333333333,3
"72",2020-11-26,0.255,3
"73",2020-11-27,0.296,1
"74",2020-11-28,0.415,2
"75",2020-12-02,0.093,3
"76",2020-12-03,0.3416,5
"77",2020-12-04,-0.577,2
"78",2020-12-07,-0.113666666666667,3
"79",2020-12-08,0,1
"80",2020-12-09,0,1
"81",2020-12-11,0.1365,2
"82",2020-12-14,-0.574,2
"83",2020-12-15,0,2
"84",2020-12-16,0.273,1
"85",2020-12-17,0.166666666666667,6
"86",2020-12-21,0.397875,8
"87",2020-12-23,-0.0588,5
"88",2020-12-24,0,3
"89",2020-12-25,0.986,1
"90",2020-12-26,0.115,3
"91",2020-12-27,-0.0986,5
"92",2020-12-28,0.414,13
"93",2020-12-29,0.186470588235294,85
"94",2020-12-30,0.075037037037037,54
"95",2020-12-31,-0.0642857142857143,28
"96",2021-01-01,0.0713636363636364,11
"97",2021-01-02,0.167,20
"98",2021-01-03,0.1825,28
"99",2021-01-04,0.155716981132075,53
"100",2021-01-05,0.0602484076433121,157
"101",2021-01-06,0.0852041884816754,191
"102",2021-01-07,0.0474254143646409,181
"103",2021-01-08,0.000380952380952375,21
"104",2021-01-09,0.0113333333333333,6
"105",2021-01-10,0.211428571428571,7
"106",2021-01-11,0.345076923076923,13
"107",2021-01-12,0.127473684210526,19
"108",2021-01-13,0.171884615384615,52
"109",2021-01-14,0.116887587822014,427
"110",2021-01-15,0.0589173126614987,387
"111",2021-01-16,0.181222222222222,45
"112",2021-01-17,0.126966666666667,30
"113",2021-01-18,0.0102115384615385,52
"114",2021-01-19,0.0571573033707865,89
"115",2021-01-20,0.11495652173913,69
"116",2021-01-21,0.111208333333333,192
"117",2021-01-22,0.0860110701107011,271
"118",2021-01-23,0.150087378640777,103
"119",2021-01-24,0.22604347826087,46
"120",2021-01-27,0.0884274300932091,751
"121",2021-01-28,0.0177270501835985,817
"122",2021-01-29,0.0607534562211982,434
"123",2021-01-30,0.154587044534413,247
"124",2021-01-31,0.13310071942446,278
"125",NA,-0.135851063829787,47
