"","Date","CTRM_avg_sentiment","CTRM_count","CTRM_close","CTRM_volume","CTRM_market_cap","CTRM_PE_ratio"
"1","2020-11-12",0.572,1,0.144,15644100,2252750.4,-7.2
"2","2020-11-20",0.361,1,0.173,53644600,9280515.8,-8.65
"3","2021-01-05",0,1,0.262,288568500,75604947,-13.1
"4","2021-01-13",-0.682,1,0.372,699069900,260054002.8,-18.6
"5","2021-01-14",0.355333333333333,3,0.36,279986900,100795284,-18
"6","2021-01-15",0.962,2,0.336,164664500,55327272,-16.8
"7","2021-01-21",0.539,1,0.425,501143000,212985775,-21.25
"8","2021-01-22",0.2392,5,0.405,236945100,95962765.5,-20.25
"9","2021-01-23",0.5225,2,NA,NA,NA,NA
"10","2021-01-27",0.129474820143885,139,0.532,773651200,411582438.4,-26.6
"11","2021-01-28",0.0609520547945205,146,0.61,649335800,396094838,-30.5
"12","2021-01-29",0.170138888888889,36,0.62,294387200,182520064,-31
"13","2021-01-30",0.276864864864865,37,NA,NA,NA,NA
"14","2021-01-31",0.163774193548387,31,NA,NA,NA,NA
"15",NA,-0.113333333333333,6,NA,NA,NA,NA
