"","Date","EXPR_avg_sentiment","EXPR_count","EXPR_close","EXPR_volume","EXPR_market_cap","EXPR_PE_ratio"
"1","2020-08-20",0.421,1,1.1,1425800,1568380,10
"2","2020-08-21",0.273,1,1.05,2734600,2871330,9.54545454545454
"3","2020-08-24",0,1,1.05,1894700,1989435,9.54545454545454
"4","2020-08-26",0.361,1,1.08,3199600,3455568,9.81818181818182
"5","2020-09-01",0,1,1.05,1716400,1802220,9.54545454545454
"6","2020-09-08",0.44,1,0.92,3977700,3659484,8.36363636363636
"7","2020-09-18",0.296,1,0.9,12962900,11666610,8.18181818181818
"8","2020-09-27",0.114,1,NA,NA,NA,NA
"9","2020-10-05",0,1,0.76,3495900,2656884,6.90909090909091
"10","2020-10-07",0,1,0.7,5911300,4137910,6.36363636363636
"11","2020-10-16",0,1,0.75,3424700,2568525,6.81818181818182
"12","2020-10-19",0.34,1,0.75,2495000,1871250,6.81818181818182
"13","2020-11-17",-0.838,1,0.9,7490600,6741540,8.18181818181818
"14","2020-11-19",-0.3935,2,1.04,3421600,3558464,9.45454545454546
"15","2020-11-20",0.27025,4,1.14,4696200,5353668,10.3636363636364
"16","2020-11-24",0.753,1,1.54,13611000,20960940,14
"17","2020-11-25",0,2,1.6,4729300,7566880,14.5454545454545
"18","2020-11-26",0.0669999999999999,2,NA,NA,NA,NA
"19","2020-11-28",0.361,1,NA,NA,NA,NA
"20","2020-11-29",0.202,1,NA,NA,NA,NA
"21","2020-12-02",0.477,1,1.58,4214600,6659068,14.3636363636364
"22","2021-01-06",0,1,1,2407700,2407700,9.09090909090909
"23","2021-01-08",0.34,1,1.04,2587100,2690584,9.45454545454546
"24","2021-01-15",-0.887,1,1.26,8498300,10707858,11.4545454545455
"25","2021-01-18",-0.725,1,NA,NA,NA,NA
"26","2021-01-22",0.104826923076923,52,1.79,77273000,138318670,16.2727272727273
"27","2021-01-23",0.0631739130434783,23,NA,NA,NA,NA
"28","2021-01-24",0,1,NA,NA,NA,NA
"29","2021-01-27",0.0540426829268293,820,9.55,287577200,2746362260,86.8181818181818
"30","2021-01-28",0.0595981308411215,107,4.7,89189400,419190180,42.7272727272727
"31",NA,0.0163333333333333,12,NA,NA,NA,NA
