"","Date","EXPR_avg_sentiment","EXPR_count"
"1",2020-08-20,0.421,1
"2",2020-08-21,0.273,1
"3",2020-08-24,0,1
"4",2020-08-26,0.361,1
"5",2020-09-01,0,1
"6",2020-09-08,0.44,1
"7",2020-09-18,0.296,1
"8",2020-09-27,0.114,1
"9",2020-10-05,0,1
"10",2020-10-07,0,1
"11",2020-10-16,0,1
"12",2020-10-19,0.34,1
"13",2020-11-17,-0.838,1
"14",2020-11-19,-0.3935,2
"15",2020-11-20,0.27025,4
"16",2020-11-24,0.753,1
"17",2020-11-25,0,2
"18",2020-11-26,0.0669999999999999,2
"19",2020-11-28,0.361,1
"20",2020-11-29,0.202,1
"21",2020-12-02,0.477,1
"22",2021-01-06,0,1
"23",2021-01-08,0.34,1
"24",2021-01-15,-0.887,1
"25",2021-01-18,-0.725,1
"26",2021-01-22,0.104826923076923,52
"27",2021-01-23,0.0631739130434783,23
"28",2021-01-24,0,1
"29",2021-01-27,0.0540426829268293,820
"30",2021-01-28,0.0595981308411215,107
"31",NA,0.0163333333333333,12
