"","Date","GME_avg_sentiment","GME_count","GME_close","GME_volume","GME_market_cap","GME_PE_ratio"
"1","2020-08-01",0.248333333333333,3,NA,NA,NA,NA
"2","2020-08-02",0.91,1,NA,NA,NA,NA
"3","2020-08-04",0.201,25,4.43,10361400,45901002,-2.43406593406593
"4","2020-08-05",0.17955,20,4.63,4925700,22805991,-2.54395604395604
"5","2020-08-06",-0.00960000000000002,5,4.43,1901200,8422316,-2.43406593406593
"6","2020-08-07",0.1385,2,4.16,3341100,13898976,-2.28571428571429
"7","2020-08-08",-0.2385,2,NA,NA,NA,NA
"8","2020-08-09",0.361,1,NA,NA,NA,NA
"9","2020-08-10",-0.399714285714286,7,4.33,4561800,19752594,-2.37912087912088
"10","2020-08-11",0.483666666666667,3,4.35,3138800,13653780,-2.39010989010989
"11","2020-08-12",-0.204666666666667,3,4.52,3057600,13820352,-2.48351648351648
"12","2020-08-13",0.637,1,4.64,2128300,9875312,-2.54945054945055
"13","2020-08-14",0.15575,4,4.75,3474400,16503400,-2.60989010989011
"14","2020-08-15",-0.038,3,NA,NA,NA,NA
"15","2020-08-17",0.7425,2,4.63,2371000,10977730,-2.54395604395604
"16","2020-08-18",-0.1726,5,4.81,3834400,18443464,-2.64285714285714
"17","2020-08-19",0.346,6,4.72,2612600,12331472,-2.59340659340659
"18","2020-08-21",0.288,14,5.03,10642600,53532278,-2.76373626373626
"19","2020-08-22",-0.421,1,NA,NA,NA,NA
"20","2020-08-24",0.228,4,4.87,4585400,22330898,-2.67582417582418
"21","2020-08-26",0.3452,5,5.11,2779700,14204267,-2.80769230769231
"22","2020-08-27",0.1442,5,5.25,3384400,17768100,-2.88461538461538
"23","2020-08-28",0.2217,10,5.39,4236900,22836891,-2.96153846153846
"24","2020-08-29",0.302333333333333,3,NA,NA,NA,NA
"25","2020-08-30",-0.092,8,NA,NA,NA,NA
"26","2020-08-31",0.0777628865979381,97,6.68,37976000,253679680,-3.67032967032967
"27","2020-09-01",0.157684210526316,57,7.65,23211000,177564150,-4.2032967032967
"28","2020-09-02",0.194106382978723,47,7.71,13011100,100315581,-4.23626373626374
"29","2020-09-03",0.00933333333333333,54,7.82,14344500,112173990,-4.2967032967033
"30","2020-09-04",0.0297857142857143,14,7.65,7662000,58614300,-4.2032967032967
"31","2020-09-05",0.223125,8,NA,NA,NA,NA
"32","2020-09-06",0.114285714285714,14,NA,NA,NA,NA
"33","2020-09-07",0.448333333333333,3,NA,NA,NA,NA
"34","2020-09-08",0.10575,32,7.7,9816600,75587820,-4.23076923076923
"35","2020-09-09",0.0987798165137615,109,7.35,9068100,66650535,-4.03846153846154
"36","2020-09-10",0.101025,40,6.23,15558300,96928209,-3.42307692307692
"37","2020-09-11",0.1725,12,6.09,6061200,36912708,-3.34615384615385
"38","2020-09-12",0.290333333333333,3,NA,NA,NA,NA
"39","2020-09-13",-0.112571428571429,7,NA,NA,NA,NA
"40","2020-09-14",0.16892,50,6.91,10119000,69922290,-3.7967032967033
"41","2020-09-15",0.0857407407407407,27,7.09,5743500,40721415,-3.8956043956044
"42","2020-09-16",0.111659663865546,238,8.68,19256300,167144684,-4.76923076923077
"43","2020-09-17",0.132452173913043,115,9.2,17026700,156645640,-5.05494505494505
"44","2020-09-18",0.104306818181818,88,9.47,17407500,164849025,-5.2032967032967
"45","2020-09-19",0.256351351351351,37,NA,NA,NA,NA
"46","2020-09-20",0.187297872340426,47,NA,NA,NA,NA
"47","2020-09-21",0.313545454545455,22,8.75,7639800,66848250,-4.80769230769231
"48","2020-09-22",0.138567010309278,97,10.56,34752500,366986400,-5.8021978021978
"49","2020-09-23",0.193138157894737,152,10.04,10651200,106938048,-5.51648351648352
"50","2020-09-24",0.0954375,64,9.14,7938800,72560632,-5.02197802197802
"51","2020-09-25",0.17156880733945,109,10.02,7515200,75302304,-5.50549450549451
"52","2020-09-26",0.259575,80,NA,NA,NA,NA
"53","2020-09-27",0.142479166666667,48,NA,NA,NA,NA
"54","2020-09-28",0.204046875,128,10.09,6764300,68251787,-5.54395604395604
"55","2020-09-29",0.11441975308642,81,10.35,5237600,54209160,-5.68681318681319
"56","2020-09-30",0.20265671641791,67,10.2,6079000,62005800,-5.6043956043956
"57","2020-10-01",0.218232558139535,86,9.77,4554100,44493557,-5.36813186813187
"58","2020-10-02",0.232697674418605,43,9.39,4340500,40757295,-5.15934065934066
"59","2020-10-03",0.301027027027027,37,NA,NA,NA,NA
"60","2020-10-04",0.406318181818182,22,NA,NA,NA,NA
"61","2020-10-05",0.125307692307692,39,9.46,2805000,26535300,-5.1978021978022
"62","2020-10-06",0.116931034482759,29,9.13,4535400,41408202,-5.01648351648352
"63","2020-10-07",0.0717428571428571,35,9.36,3308600,30968496,-5.14285714285714
"64","2020-10-08",0.126668155711551,1567,13.49,76453600,1031359064,-7.41208791208791
"65","2020-10-09",NA,2507,12.02,77152800,927376656,-6.6043956043956
"66","2020-10-10",0.166903581267218,363,NA,NA,NA,NA
"67","2020-10-11",0.162480113636364,352,NA,NA,NA,NA
"68","2020-10-12",NA,451,11.8,23655700,279137260,-6.48351648351648
"69","2020-10-13",0.148308108108108,370,11.88,10179700,120934836,-6.52747252747253
"70","2020-10-14",0.175018666666667,375,12.25,10776800,132015800,-6.73076923076923
"71","2020-10-15",0.136933177933178,1287,13.83,39894800,551745084,-7.5989010989011
"72","2020-10-16",0.131163132137031,613,13.31,11651600,155082796,-7.31318681318681
"73","2020-10-17",0.254841584158416,202,NA,NA,NA,NA
"74","2020-10-18",0.218869863013699,146,NA,NA,NA,NA
"75","2020-10-19",0.180952029520295,271,13.91,13169100,183182181,-7.64285714285714
"76","2020-10-20",0.198909836065574,244,13.86,6604000,91531440,-7.61538461538461
"77","2020-10-21",0.149851449275362,276,14.1,5361900,75602790,-7.74725274725275
"78","2020-10-22",0.172958263772955,599,14.91,16212200,241723902,-8.19230769230769
"79","2020-10-23",0.169738562091503,306,15,6507300,97609500,-8.24175824175824
"80","2020-10-24",0.241046052631579,152,NA,NA,NA,NA
"81","2020-10-25",0.263209459459459,148,NA,NA,NA,NA
"82","2020-10-26",0.148842887473461,471,13.45,13376300,179911235,-7.39010989010989
"83","2020-10-27",0.134359102244389,401,12.69,7231000,91761390,-6.97252747252747
"84","2020-10-28",0.144707070707071,297,11.82,6388600,75513252,-6.49450549450549
"85","2020-10-29",0.206776255707763,219,11.73,4165800,48864834,-6.44505494505495
"86","2020-10-30",0.131398753894081,321,10.47,11546900,120896043,-5.75274725274725
"87","2020-10-31",0.115864197530864,81,NA,NA,NA,NA
"88","2020-11-01",0.153448275862069,58,NA,NA,NA,NA
"89","2020-11-02",0.215630769230769,65,10.75,5227000,56190250,-5.90659340659341
"90","2020-11-03",0.157729927007299,137,11.57,7454500,86248565,-6.35714285714286
"91","2020-11-04",0.124083333333333,132,10.91,5807900,63364189,-5.99450549450549
"92","2020-11-06",0.20443661971831,71,11.86,5518200,65445852,-6.51648351648352
"93","2020-11-07",0.181971428571429,70,NA,NA,NA,NA
"94","2020-11-08",0.184779661016949,59,NA,NA,NA,NA
"95","2020-11-09",0.111349753694581,203,11.49,6244900,71753901,-6.31318681318681
"96","2020-11-10",0.071120253164557,158,11.1,3826000,42468600,-6.0989010989011
"97","2020-11-11",0.074280612244898,196,11.75,4882600,57370550,-6.45604395604396
"98","2020-11-12",0.181958333333333,144,11.13,4353300,48452229,-6.11538461538462
"99","2020-11-13",0.141625,104,11.01,3535900,38930259,-6.04945054945055
"100","2020-11-14",0.205089285714286,56,NA,NA,NA,NA
"101","2020-11-15",0.182595744680851,47,NA,NA,NA,NA
"102","2020-11-16",0.11150303030303,330,12.06,9774800,117884088,-6.62637362637363
"103","2020-11-17",0.027440251572327,159,11.63,6678200,77667466,-6.39010989010989
"104","2020-11-18",0.124801724137931,116,11.57,3169200,36667644,-6.35714285714286
"105","2020-11-19",0.158175510204082,245,12.46,11787600,146873496,-6.84615384615385
"106","2020-11-20",0.160075187969925,266,12.71,8395400,106705534,-6.98351648351648
"107","2020-11-21",0.358131313131313,99,NA,NA,NA,NA
"108","2020-11-22",0.261645161290323,62,NA,NA,NA,NA
"109","2020-11-23",0.100177545691906,383,13.9,9599100,133427490,-7.63736263736264
"110","2020-11-24",0.141588571428571,350,13.67,7183200,98194344,-7.51098901098901
"111","2020-11-25",0.169857943925234,535,14.75,8860100,130686475,-8.1043956043956
"112","2020-11-26",0.230572944297082,377,NA,NA,NA,NA
"113","2020-11-27",0.159568788501027,974,16.08,12504200,201067536,-8.83516483516483
"114","2020-11-28",0.213222424794895,1097,NA,NA,NA,NA
"115","2020-11-29",0.259371595330739,1028,NA,NA,NA,NA
"116","2020-11-30",0.162133761369716,3738,16.559999,31983500,529646728.0165,-9.09890054945055
"117","2020-12-01",0.167269424823411,1982,15.8,12666000,200122800,-8.68131868131868
"118","2020-12-02",0.170716090985678,1187,16.58,7883400,130706772,-9.10989010989011
"119","2020-12-03",0.161627956989247,465,16.120001,6295000,101475406.295,-8.8571434065934
"120","2020-12-04",0.190820895522388,1005,16.9,8972700,151638630,-9.28571428571428
"121","2020-12-05",0.258137254901961,357,NA,NA,NA,NA
"122","2020-12-06",0.198697969543147,394,NA,NA,NA,NA
"123","2020-12-07",0.15410201793722,892,16.35,7386300,120766005,-8.98351648351648
"124","2020-12-08",0.14299180022363,2683,16.940001,16120200,273076204.1202,-9.30769285714286
"125","2020-12-09",0.137090425531915,1880,13.66,24357900,332728914,-7.50549450549451
"126","2020-12-10",0.1348,680,14.12,7558900,106731668,-7.75824175824176
"127","2020-12-11",0.164304347826087,391,13.31,7496900,99783739,-7.31318681318681
"128","2020-12-12",0.226948837209302,215,NA,NA,NA,NA
"129","2020-12-13",0.203593869731801,261,NA,NA,NA,NA
"130","2020-12-14",0.128703546099291,705,12.72,10007100,127290312,-6.98901098901099
"131","2020-12-15",NA,819,13.85,8192900,113471665,-7.60989010989011
"132","2020-12-16",0.138857142857143,399,13.85,5865100,81231635,-7.60989010989011
"133","2020-12-17",0.132933078393881,523,14.83,8194900,121530367,-8.14835164835165
"134","2020-12-18",0.151072189349112,845,15.63,16618800,259751844,-8.58791208791209
"135","2020-12-19",0.192470297029703,202,NA,NA,NA,NA
"136","2020-12-20",0.16774537037037,216,NA,NA,NA,NA
"137","2020-12-21",0.156983729662078,799,15.53,9876100,153375833,-8.53296703296703
"138","2020-12-22",0.134406644998194,2769,19.459999,30652700,596501511.3473,-10.6923071428571
"139","2020-12-23",0.138010785824345,3245,20.57,25830300,531329271,-11.3021978021978
"140","2020-12-24",0.190452576549664,1339,20.15,6262200,126183330,-11.0714285714286
"141","2020-12-25",0.283787593984962,532,NA,NA,NA,NA
"142","2020-12-26",0.270007168458781,558,NA,NA,NA,NA
"143","2020-12-27",0.232524966261808,741,NA,NA,NA,NA
"144","2020-12-28",0.155861632032438,1973,20.99,8965900,188194241,-11.532967032967
"145","2020-12-29",0.149243604004449,1798,19.379999,9241400,179098322.7586,-10.6483510989011
"146","2020-12-30",0.148510062456627,1441,19.26,5934400,114296544,-10.5824175824176
"147","2020-12-31",0.238720436280138,1742,18.84,6922700,130423668,-10.3516483516484
"148","2021-01-01",0.25242504743833,527,NA,NA,NA,NA
"149","2021-01-02",0.234265432098765,648,NA,NA,NA,NA
"150","2021-01-03",0.224078624078624,407,NA,NA,NA,NA
"151","2021-01-04",0.110254264825345,1231,17.25,10022500,172888125,-9.47802197802198
"152","2021-01-05",0.117901570680628,955,17.370001,4961500,86181259.9615,-9.54395659340659
"153","2021-01-06",0.122042841037204,887,18.360001,6056200,111191838.0562,-10.0879126373626
"154","2021-01-07",0.120845105328377,807,18.08,6129300,110817744,-9.93406593406593
"155","2021-01-08",0.156346437346437,814,17.690001,6482000,114666586.482,-9.71978076923077
"156","2021-01-09",0.140679389312977,262,NA,NA,NA,NA
"157","2021-01-10",0.229560975609756,451,NA,NA,NA,NA
"158","2021-01-11",0.140887209929843,1853,19.940001,14927600,297656358.9276,-10.9560445054945
"159","2021-01-12",0.166960220994475,905,19.950001,7060700,140860972.0607,-10.961539010989
"160","2021-01-13",0.166497624948368,9684,31.4,144501700,4537353380,-17.2527472527473
"161","2021-01-14",0.164677122210752,12593,39.91,93717400,3740261434,-21.9285714285714
"162","2021-01-15",NA,12778,35.5,46866400,1663757200,-19.5054945054945
"163","2021-01-16",0.227380769230769,3120,NA,NA,NA,NA
"164","2021-01-17",0.229710103092784,2425,NA,NA,NA,NA
"165","2021-01-18",NA,4146,NA,NA,NA,NA
"166","2021-01-19",0.164450201714574,7932,39.360001,74721900,2941054058.7219,-21.6263741758242
"167","2021-01-20",0.179917387127762,6246,39.119999,33471800,1309416782.5282,-21.4945049450549
"168","2021-01-21",0.174397728773273,7573,43.029999,57079800,2456143736.9202,-23.6428565934066
"169","2021-01-22",0.170781434377868,15254,65.010002,197157900,12817235473.3158,-35.7197813186813
"170","2021-01-23",NA,8563,NA,NA,NA,NA
"171","2021-01-24",0.224578826237054,2607,NA,NA,NA,NA
"172","2021-01-27",NA,42808,347.51001,93396700,32456288150.967,-190.939565934066
"173","2021-01-28",NA,80009,193.600006,58815800,11386739232.8948,-106.37362967033
"174","2021-01-29",NA,57508,325,50259200,16334240000,-178.571428571429
"175","2021-01-30",NA,38617,NA,NA,NA,NA
"176","2021-01-31",NA,39293,NA,NA,NA,NA
"177",NA,NA,2419,NA,NA,NA,NA
