"","Date","GME_avg_sentiment","GME_count"
"1",2020-08-01,0.248333333333333,3
"2",2020-08-02,0.91,1
"3",2020-08-04,0.201,25
"4",2020-08-05,0.17955,20
"5",2020-08-06,-0.00960000000000002,5
"6",2020-08-07,0.1385,2
"7",2020-08-08,-0.2385,2
"8",2020-08-09,0.361,1
"9",2020-08-10,-0.399714285714286,7
"10",2020-08-11,0.483666666666667,3
"11",2020-08-12,-0.204666666666667,3
"12",2020-08-13,0.637,1
"13",2020-08-14,0.15575,4
"14",2020-08-15,-0.038,3
"15",2020-08-17,0.7425,2
"16",2020-08-18,-0.1726,5
"17",2020-08-19,0.346,6
"18",2020-08-21,0.288,14
"19",2020-08-22,-0.421,1
"20",2020-08-24,0.228,4
"21",2020-08-26,0.3452,5
"22",2020-08-27,0.1442,5
"23",2020-08-28,0.2217,10
"24",2020-08-29,0.302333333333333,3
"25",2020-08-30,-0.092,8
"26",2020-08-31,0.0777628865979381,97
"27",2020-09-01,0.157684210526316,57
"28",2020-09-02,0.194106382978723,47
"29",2020-09-03,0.00933333333333333,54
"30",2020-09-04,0.0297857142857143,14
"31",2020-09-05,0.223125,8
"32",2020-09-06,0.114285714285714,14
"33",2020-09-07,0.448333333333333,3
"34",2020-09-08,0.10575,32
"35",2020-09-09,0.0987798165137615,109
"36",2020-09-10,0.101025,40
"37",2020-09-11,0.1725,12
"38",2020-09-12,0.290333333333333,3
"39",2020-09-13,-0.112571428571429,7
"40",2020-09-14,0.16892,50
"41",2020-09-15,0.0857407407407407,27
"42",2020-09-16,0.111659663865546,238
"43",2020-09-17,0.132452173913043,115
"44",2020-09-18,0.104306818181818,88
"45",2020-09-19,0.256351351351351,37
"46",2020-09-20,0.187297872340426,47
"47",2020-09-21,0.313545454545455,22
"48",2020-09-22,0.138567010309278,97
"49",2020-09-23,0.193138157894737,152
"50",2020-09-24,0.0954375,64
"51",2020-09-25,0.17156880733945,109
"52",2020-09-26,0.259575,80
"53",2020-09-27,0.142479166666667,48
"54",2020-09-28,0.204046875,128
"55",2020-09-29,0.11441975308642,81
"56",2020-09-30,0.20265671641791,67
"57",2020-10-01,0.218232558139535,86
"58",2020-10-02,0.232697674418605,43
"59",2020-10-03,0.301027027027027,37
"60",2020-10-04,0.406318181818182,22
"61",2020-10-05,0.125307692307692,39
"62",2020-10-06,0.116931034482759,29
"63",2020-10-07,0.0717428571428571,35
"64",2020-10-08,0.126668155711551,1567
"65",2020-10-09,NA,2507
"66",2020-10-10,0.166903581267218,363
"67",2020-10-11,0.162480113636364,352
"68",2020-10-12,NA,451
"69",2020-10-13,0.148308108108108,370
"70",2020-10-14,0.175018666666667,375
"71",2020-10-15,0.136933177933178,1287
"72",2020-10-16,0.131163132137031,613
"73",2020-10-17,0.254841584158416,202
"74",2020-10-18,0.218869863013699,146
"75",2020-10-19,0.180952029520295,271
"76",2020-10-20,0.198909836065574,244
"77",2020-10-21,0.149851449275362,276
"78",2020-10-22,0.172958263772955,599
"79",2020-10-23,0.169738562091503,306
"80",2020-10-24,0.241046052631579,152
"81",2020-10-25,0.263209459459459,148
"82",2020-10-26,0.148842887473461,471
"83",2020-10-27,0.134359102244389,401
"84",2020-10-28,0.144707070707071,297
"85",2020-10-29,0.206776255707763,219
"86",2020-10-30,0.131398753894081,321
"87",2020-10-31,0.115864197530864,81
"88",2020-11-01,0.153448275862069,58
"89",2020-11-02,0.215630769230769,65
"90",2020-11-03,0.157729927007299,137
"91",2020-11-04,0.124083333333333,132
"92",2020-11-06,0.20443661971831,71
"93",2020-11-07,0.181971428571429,70
"94",2020-11-08,0.184779661016949,59
"95",2020-11-09,0.111349753694581,203
"96",2020-11-10,0.071120253164557,158
"97",2020-11-11,0.074280612244898,196
"98",2020-11-12,0.181958333333333,144
"99",2020-11-13,0.141625,104
"100",2020-11-14,0.205089285714286,56
"101",2020-11-15,0.182595744680851,47
"102",2020-11-16,0.11150303030303,330
"103",2020-11-17,0.027440251572327,159
"104",2020-11-18,0.124801724137931,116
"105",2020-11-19,0.158175510204082,245
"106",2020-11-20,0.160075187969925,266
"107",2020-11-21,0.358131313131313,99
"108",2020-11-22,0.261645161290323,62
"109",2020-11-23,0.100177545691906,383
"110",2020-11-24,0.141588571428571,350
"111",2020-11-25,0.169857943925234,535
"112",2020-11-26,0.230572944297082,377
"113",2020-11-27,0.159568788501027,974
"114",2020-11-28,0.213222424794895,1097
"115",2020-11-29,0.259371595330739,1028
"116",2020-11-30,0.162133761369716,3738
"117",2020-12-01,0.167269424823411,1982
"118",2020-12-02,0.170716090985678,1187
"119",2020-12-03,0.161627956989247,465
"120",2020-12-04,0.190820895522388,1005
"121",2020-12-05,0.258137254901961,357
"122",2020-12-06,0.198697969543147,394
"123",2020-12-07,0.15410201793722,892
"124",2020-12-08,0.14299180022363,2683
"125",2020-12-09,0.137090425531915,1880
"126",2020-12-10,0.1348,680
"127",2020-12-11,0.164304347826087,391
"128",2020-12-12,0.226948837209302,215
"129",2020-12-13,0.203593869731801,261
"130",2020-12-14,0.128703546099291,705
"131",2020-12-15,NA,819
"132",2020-12-16,0.138857142857143,399
"133",2020-12-17,0.132933078393881,523
"134",2020-12-18,0.151072189349112,845
"135",2020-12-19,0.192470297029703,202
"136",2020-12-20,0.16774537037037,216
"137",2020-12-21,0.156983729662078,799
"138",2020-12-22,0.134406644998194,2769
"139",2020-12-23,0.138010785824345,3245
"140",2020-12-24,0.190452576549664,1339
"141",2020-12-25,0.283787593984962,532
"142",2020-12-26,0.270007168458781,558
"143",2020-12-27,0.232524966261808,741
"144",2020-12-28,0.155861632032438,1973
"145",2020-12-29,0.149243604004449,1798
"146",2020-12-30,0.148510062456627,1441
"147",2020-12-31,0.238720436280138,1742
"148",2021-01-01,0.25242504743833,527
"149",2021-01-02,0.234265432098765,648
"150",2021-01-03,0.224078624078624,407
"151",2021-01-04,0.110254264825345,1231
"152",2021-01-05,0.117901570680628,955
"153",2021-01-06,0.122042841037204,887
"154",2021-01-07,0.120845105328377,807
"155",2021-01-08,0.156346437346437,814
"156",2021-01-09,0.140679389312977,262
"157",2021-01-10,0.229560975609756,451
"158",2021-01-11,0.140887209929843,1853
"159",2021-01-12,0.166960220994475,905
"160",2021-01-13,0.166497624948368,9684
"161",2021-01-14,0.164677122210752,12593
"162",2021-01-15,NA,12778
"163",2021-01-16,0.227380769230769,3120
"164",2021-01-17,0.229710103092784,2425
"165",2021-01-18,NA,4146
"166",2021-01-19,0.164450201714574,7932
"167",2021-01-20,0.179917387127762,6246
"168",2021-01-21,0.174397728773273,7573
"169",2021-01-22,0.170781434377868,15254
"170",2021-01-23,NA,8563
"171",2021-01-24,0.224578826237054,2607
"172",2021-01-27,NA,42808
"173",2021-01-28,NA,80009
"174",2021-01-29,NA,57508
"175",2021-01-30,NA,38617
"176",2021-01-31,NA,39293
"177",NA,NA,2419
