"","Date","NAKD_avg_sentiment","NAKD_count","NAKD_close","NAKD_volume","NAKD_market_cap","NAKD_PE_ratio"
"1","2020-08-20",-0.153,1,0.343,59209400,20308824.2,-0.230201342281879
"2","2020-10-02",0,1,0.1163,54861800,6380427.34,-0.0780536912751678
"3","2020-10-04",0,1,NA,NA,NA,NA
"4","2020-10-06",0.361,1,0.12,105215900,12625908,-0.0805369127516778
"5","2020-10-07",0,2,0.1261,64540900,8138607.49,-0.0846308724832215
"6","2020-10-11",0,1,NA,NA,NA,NA
"7","2020-10-12",0.34575,4,0.13,236240200,30711226,-0.087248322147651
"8","2020-10-13",0.309,1,0.1184,102419300,12126445.12,-0.0794630872483222
"9","2020-10-15",-0.273,1,0.11,65748000,7232280,-0.0738255033557047
"10","2020-10-20",0.837,1,0.0804,58503900,4703713.56,-0.0539597315436242
"11","2020-10-24",0.599,1,NA,NA,NA,NA
"12","2020-10-26",-0.318,1,0.071,29559800,2098745.8,-0.0476510067114094
"13","2020-10-28",0,1,0.0827,80348100,6644787.87,-0.055503355704698
"14","2020-11-03",0.296,1,0.0758,17162800,1300940.24,-0.0508724832214765
"15","2020-11-11",-0.557,1,0.0724,17360800,1256921.92,-0.0485906040268456
"16","2020-11-12",0.3165,2,0.0729,20173200,1470626.28,-0.0489261744966443
"17","2020-11-17",0.296,1,0.088,81718100,7191192.8,-0.0590604026845638
"18","2020-11-18",0,1,0.1295,625506200,81003052.9,-0.0869127516778524
"19","2020-11-19",0.104828571428571,35,0.2889,1140130700,329383759.23,-0.193892617449664
"20","2020-11-20",-0.122666666666667,6,0.1686,404508200,68200082.52,-0.113154362416107
"21","2020-11-21",0.439,1,NA,NA,NA,NA
"22","2020-11-23",0.373375,8,0.1839,283849500,52199923.05,-0.123422818791946
"23","2020-11-25",0,1,0.1853,90135200,16702052.56,-0.124362416107383
"24","2020-11-26",0.94,1,NA,NA,NA,NA
"25","2020-11-27",0.1805,2,0.21,280304300,58863903,-0.140939597315436
"26","2020-11-29",0.943,1,NA,NA,NA,NA
"27","2021-01-05",0.0723333333333333,3,0.412,880371000,362712852,-0.276510067114094
"28","2021-01-10",0.898,1,NA,NA,NA,NA
"29","2021-01-12",0.841,1,0.5271,546362900,287987884.59,-0.353758389261745
"30","2021-01-20",-0.103,1,0.4359,72498900,31602270.51,-0.29255033557047
"31","2021-01-22",-0.902,1,0.442,102175700,45161659.4,-0.296644295302013
"32","2021-01-27",0.121208608231228,3183,1.38,2198250000,3033585000,-0.926174496644295
"33","2021-01-28",0.144315789473684,95,1.39,1156267200,1607211408,-0.932885906040268
"34","2021-01-29",0.1835,2,1.65,474977800,783713370,-1.10738255033557
"35",NA,0.0953846153846154,26,NA,NA,NA,NA
