"","Date","NAKD_avg_sentiment","NAKD_count"
"1",2020-08-20,-0.153,1
"2",2020-10-02,0,1
"3",2020-10-04,0,1
"4",2020-10-06,0.361,1
"5",2020-10-07,0,2
"6",2020-10-11,0,1
"7",2020-10-12,0.34575,4
"8",2020-10-13,0.309,1
"9",2020-10-15,-0.273,1
"10",2020-10-20,0.837,1
"11",2020-10-24,0.599,1
"12",2020-10-26,-0.318,1
"13",2020-10-28,0,1
"14",2020-11-03,0.296,1
"15",2020-11-11,-0.557,1
"16",2020-11-12,0.3165,2
"17",2020-11-17,0.296,1
"18",2020-11-18,0,1
"19",2020-11-19,0.104828571428571,35
"20",2020-11-20,-0.122666666666667,6
"21",2020-11-21,0.439,1
"22",2020-11-23,0.373375,8
"23",2020-11-25,0,1
"24",2020-11-26,0.94,1
"25",2020-11-27,0.1805,2
"26",2020-11-29,0.943,1
"27",2021-01-05,0.0723333333333333,3
"28",2021-01-10,0.898,1
"29",2021-01-12,0.841,1
"30",2021-01-20,-0.103,1
"31",2021-01-22,-0.902,1
"32",2021-01-27,0.121208608231228,3183
"33",2021-01-28,0.144315789473684,95
"34",2021-01-29,0.1835,2
"35",NA,0.0953846153846154,26
