"","Date","NOK_avg_sentiment","NOK_count"
"1",2020-08-01,0.400888888888889,9
"2",2020-08-02,0.250153846153846,13
"3",2020-08-03,0.167155555555556,45
"4",2020-08-04,0.295411764705882,17
"5",2020-08-05,0.183083333333333,12
"6",2020-08-06,0.222181818181818,11
"7",2020-08-07,-0.2432,5
"8",2020-08-08,0.579,2
"9",2020-08-09,0.487,2
"10",2020-08-10,0.112857142857143,7
"11",2020-08-11,0.164857142857143,7
"12",2020-08-12,-0.3135,4
"13",2020-08-13,0.4735,2
"14",2020-08-14,0.6955,2
"15",2020-08-15,0.5595,2
"16",2020-08-16,0.018,4
"17",2020-08-17,-0.2505,2
"18",2020-08-18,0.3595,4
"19",2020-08-19,0.247,2
"20",2020-08-20,0.233619047619048,21
"21",2020-08-21,0.410615384615385,13
"22",2020-08-22,0.38275,4
"23",2020-08-23,0,1
"24",2020-08-24,0.163875,8
"25",2020-08-25,0.359615384615385,13
"26",2020-08-26,0.08825,4
"27",2020-08-27,0.0792222222222222,9
"28",2020-08-28,0.279142857142857,7
"29",2020-08-29,0.3175,6
"30",2020-08-31,0.6505,4
"31",2020-09-01,0.2062,10
"32",2020-09-02,-0.120111111111111,9
"33",2020-09-03,0.253571428571429,14
"34",2020-09-04,0.120333333333333,3
"35",2020-09-06,-0.494,1
"36",2020-09-07,-0.27225,4
"37",2020-09-08,0.314416666666667,12
"38",2020-09-09,0.21075,4
"39",2020-09-10,0.289333333333333,3
"40",2020-09-11,0.00866666666666667,3
"41",2020-09-12,0,1
"42",2020-09-14,-0.237444444444444,9
"43",2020-09-15,0,1
"44",2020-09-16,-0.1454,5
"45",2020-09-17,0.101,2
"46",2020-09-18,0.0251666666666667,6
"47",2020-09-19,0,1
"48",2020-09-21,0.042,2
"49",2020-09-22,0.361,1
"50",2020-09-23,0.1805,2
"51",2020-09-24,0.374333333333333,3
"52",2020-09-25,0.0484,5
"53",2020-09-26,0.073,3
"54",2020-09-27,-0.923,1
"55",2020-09-28,0.734333333333333,3
"56",2020-09-29,-0.195333333333333,3
"57",2020-09-30,-0.727,1
"58",2020-10-01,-0.0515,2
"59",2020-10-02,0,2
"60",2020-10-03,0.0703333333333333,3
"61",2020-10-04,0,1
"62",2020-10-05,0.201,2
"63",2020-10-06,0.355166666666667,6
"64",2020-10-08,0.3485,8
"65",2020-10-09,0.164214285714286,14
"66",2020-10-10,0.228772727272727,22
"67",2020-10-11,0.67,1
"68",2020-10-12,0.230222222222222,27
"69",2020-10-13,0.114777777777778,9
"70",2020-10-14,0.2425625,16
"71",2020-10-15,0.504,6
"72",2020-10-16,0.13625,4
"73",2020-10-17,0.32475,4
"74",2020-10-18,0.2455,26
"75",2020-10-19,0.250508196721311,61
"76",2020-10-20,0.211166666666667,36
"77",2020-10-21,0.218793103448276,29
"78",2020-10-22,0.1453125,16
"79",2020-10-23,0.387125,8
"80",2020-10-24,0.372153846153846,13
"81",2020-10-25,0.308357142857143,14
"82",2020-10-26,0.241363636363636,22
"83",2020-10-27,0.141458333333333,24
"84",2020-10-28,0.185236842105263,38
"85",2020-10-29,0.0790148148148148,135
"86",2020-10-30,0.0233333333333333,18
"87",2020-10-31,-0.209,4
"88",2020-11-01,0.325,2
"89",2020-11-02,0.182571428571429,7
"90",2020-11-03,0.398857142857143,7
"91",2020-11-04,0.97,1
"92",2020-11-06,0.6255,2
"93",2020-11-07,0,1
"94",2020-11-08,0.320333333333333,3
"95",2020-11-09,-0.0185714285714286,7
"96",2020-11-10,0.3754,10
"97",2020-11-11,0.0947777777777778,9
"98",2020-11-12,0.108545454545455,11
"99",2020-11-13,0.299,7
"100",2020-11-16,-0.0746666666666667,15
"101",2020-11-17,0.2729375,16
"102",2020-11-18,0.264727272727273,11
"103",2020-11-19,0.07475,8
"104",2020-11-20,0.3955,2
"105",2020-11-21,0.26525,4
"106",2020-11-22,-0.0386666666666667,3
"107",2020-11-23,0.40575,4
"108",2020-11-24,0.0763333333333333,6
"109",2020-11-25,0.435,22
"110",2020-11-26,-0.120333333333333,3
"111",2020-11-27,0.20125,16
"112",2020-11-28,0.419,2
"113",2020-11-29,0.279714285714286,7
"114",2020-11-30,0.366,3
"115",2020-12-01,0.210588235294118,17
"116",2020-12-02,0.057,6
"117",2020-12-03,0.60625,4
"118",2020-12-04,0.100285714285714,7
"119",2020-12-05,-0.0263333333333333,9
"120",2020-12-06,0.0065,2
"121",2020-12-07,0.2965,8
"122",2020-12-08,0.1512,20
"123",2020-12-09,0.243571428571429,14
"124",2020-12-10,0.388555555555556,18
"125",2020-12-11,0.350857142857143,7
"126",2020-12-12,0.351,5
"127",2020-12-13,0.2161,10
"128",2020-12-14,-0.0696666666666667,3
"129",2020-12-15,0.2435,8
"130",2020-12-16,0.267333333333333,3
"131",2020-12-17,0.315846153846154,13
"132",2020-12-18,0.215428571428571,7
"133",2020-12-19,0.1445,2
"134",2020-12-20,-0.1766,5
"135",2020-12-21,0.06175,4
"136",2020-12-22,0.147333333333333,6
"137",2020-12-23,0.0303333333333333,9
"138",2020-12-24,0.497333333333333,3
"139",2020-12-25,0.364666666666667,3
"140",2020-12-26,0.0913333333333333,6
"141",2020-12-27,-0.354,2
"142",2020-12-28,0.388818181818182,11
"143",2020-12-29,0.0141666666666667,6
"144",2020-12-30,0.290375,8
"145",2020-12-31,0.6365,4
"146",2021-01-01,0.338,2
"147",2021-01-02,0.219,2
"148",2021-01-03,0.427142857142857,7
"149",2021-01-04,0.2463,20
"150",2021-01-05,0.220142857142857,7
"151",2021-01-06,0.1752,15
"152",2021-01-07,0.0544545454545454,11
"153",2021-01-08,-0.6085,2
"154",2021-01-10,0.3762,5
"155",2021-01-11,0.22475,12
"156",2021-01-12,0.027,6
"157",2021-01-13,0.287428571428571,7
"158",2021-01-14,0.236811594202899,69
"159",2021-01-15,0.198405172413793,116
"160",2021-01-16,0.33846,50
"161",2021-01-17,0.359794117647059,34
"162",2021-01-18,0.17247619047619,21
"163",2021-01-19,0.128669014084507,142
"164",2021-01-20,0.149530487804878,328
"165",2021-01-21,0.218685459940653,337
"166",2021-01-22,0.154818481848185,303
"167",2021-01-23,0.231830687830688,189
"168",2021-01-24,0.265762376237624,101
"169",2021-01-27,NA,26094
"170",2021-01-28,0.126114272024915,16697
"171",2021-01-29,0.17150954217344,10113
"172",2021-01-30,NA,5915
"173",2021-01-31,0.247380372863801,3862
"174",NA,NA,460
