"","Date","NOK_avg_sentiment","NOK_count","NOK_close","NOK_volume","NOK_market_cap","NOK_PE_ratio"
"1","2020-08-01",0.400888888888889,9,NA,NA,NA,NA
"2","2020-08-02",0.250153846153846,13,NA,NA,NA,NA
"3","2020-08-03",0.167155555555556,45,5.06,62489200,316195352,-26.6315789473684
"4","2020-08-04",0.295411764705882,17,5.1,42735100,217949010,-26.8421052631579
"5","2020-08-05",0.183083333333333,12,5,36336500,181682500,-26.3157894736842
"6","2020-08-06",0.222181818181818,11,5,30262600,151313000,-26.3157894736842
"7","2020-08-07",-0.2432,5,4.98,21405300,106598394,-26.2105263157895
"8","2020-08-08",0.579,2,NA,NA,NA,NA
"9","2020-08-09",0.487,2,NA,NA,NA,NA
"10","2020-08-10",0.112857142857143,7,4.91,21177600,103982016,-25.8421052631579
"11","2020-08-11",0.164857142857143,7,4.96,40259300,199686128,-26.1052631578947
"12","2020-08-12",-0.3135,4,5.05,21697800,109573890,-26.5789473684211
"13","2020-08-13",0.4735,2,5.06,21989500,111266870,-26.6315789473684
"14","2020-08-14",0.6955,2,5,18991900,94959500,-26.3157894736842
"15","2020-08-15",0.5595,2,NA,NA,NA,NA
"16","2020-08-16",0.018,4,NA,NA,NA,NA
"17","2020-08-17",-0.2505,2,5.07,24050200,121934514,-26.6842105263158
"18","2020-08-18",0.3595,4,5.09,18338100,93340929,-26.7894736842105
"19","2020-08-19",0.247,2,5.04,20351200,102570048,-26.5263157894737
"20","2020-08-20",0.233619047619048,21,5.05,15366400,77600320,-26.5789473684211
"21","2020-08-21",0.410615384615385,13,4.97,15015100,74625047,-26.1578947368421
"22","2020-08-22",0.38275,4,NA,NA,NA,NA
"23","2020-08-23",0,1,NA,NA,NA,NA
"24","2020-08-24",0.163875,8,5.03,12604400,63400132,-26.4736842105263
"25","2020-08-25",0.359615384615385,13,5.04,13587400,68480496,-26.5263157894737
"26","2020-08-26",0.08825,4,5.05,19752400,99749620,-26.5789473684211
"27","2020-08-27",0.0792222222222222,9,5.01,25348600,126996486,-26.3684210526316
"28","2020-08-28",0.279142857142857,7,4.97,20820200,103476394,-26.1578947368421
"29","2020-08-29",0.3175,6,NA,NA,NA,NA
"30","2020-08-31",0.6505,4,4.9,22437800,109945220,-25.7894736842105
"31","2020-09-01",0.2062,10,4.73,49279000,233089670,-24.8947368421053
"32","2020-09-02",-0.120111111111111,9,4.78,31895600,152460968,-25.1578947368421
"33","2020-09-03",0.253571428571429,14,4.53,63168200,286151946,-23.8421052631579
"34","2020-09-04",0.120333333333333,3,4.48,45584000,204216320,-23.5789473684211
"35","2020-09-06",-0.494,1,NA,NA,NA,NA
"36","2020-09-07",-0.27225,4,NA,NA,NA,NA
"37","2020-09-08",0.314416666666667,12,4.1,67144100,275290810,-21.5789473684211
"38","2020-09-09",0.21075,4,4.14,47162700,195253578,-21.7894736842105
"39","2020-09-10",0.289333333333333,3,4.1,35018300,143575030,-21.5789473684211
"40","2020-09-11",0.00866666666666667,3,4.1,27316100,111996010,-21.5789473684211
"41","2020-09-12",0,1,NA,NA,NA,NA
"42","2020-09-14",-0.237444444444444,9,4.09,21318000,87190620,-21.5263157894737
"43","2020-09-15",0,1,4.16,24076200,100156992,-21.8947368421053
"44","2020-09-16",-0.1454,5,4.13,30873400,127507142,-21.7368421052632
"45","2020-09-17",0.101,2,4.14,28414600,117636444,-21.7894736842105
"46","2020-09-18",0.0251666666666667,6,4.09,20339400,83188146,-21.5263157894737
"47","2020-09-19",0,1,NA,NA,NA,NA
"48","2020-09-21",0.042,2,3.96,29189500,115590420,-20.8421052631579
"49","2020-09-22",0.361,1,3.98,15175300,60397694,-20.9473684210526
"50","2020-09-23",0.1805,2,3.88,19322600,74971688,-20.4210526315789
"51","2020-09-24",0.374333333333333,3,3.84,19266900,73984896,-20.2105263157895
"52","2020-09-25",0.0484,5,3.78,32637600,123370128,-19.8947368421053
"53","2020-09-26",0.073,3,NA,NA,NA,NA
"54","2020-09-27",-0.923,1,NA,NA,NA,NA
"55","2020-09-28",0.734333333333333,3,3.9,28025500,109299450,-20.5263157894737
"56","2020-09-29",-0.195333333333333,3,3.95,25047400,98937230,-20.7894736842105
"57","2020-09-30",-0.727,1,3.91,24780800,96892928,-20.5789473684211
"58","2020-10-01",-0.0515,2,3.87,17028000,65898360,-20.3684210526316
"59","2020-10-02",0,2,3.82,19307700,73755414,-20.1052631578947
"60","2020-10-03",0.0703333333333333,3,NA,NA,NA,NA
"61","2020-10-04",0,1,NA,NA,NA,NA
"62","2020-10-05",0.201,2,3.93,15811400,62138802,-20.6842105263158
"63","2020-10-06",0.355166666666667,6,3.91,23824300,93153013,-20.5789473684211
"64","2020-10-08",0.3485,8,3.95,19386200,76575490,-20.7894736842105
"65","2020-10-09",0.164214285714286,14,4.03,35552900,143278187,-21.2105263157895
"66","2020-10-10",0.228772727272727,22,NA,NA,NA,NA
"67","2020-10-11",0.67,1,NA,NA,NA,NA
"68","2020-10-12",0.230222222222222,27,4.03,18341200,73915036,-21.2105263157895
"69","2020-10-13",0.114777777777778,9,4.04,19771400,79876456,-21.2631578947368
"70","2020-10-14",0.2425625,16,4.08,20988900,85634712,-21.4736842105263
"71","2020-10-15",0.504,6,4.04,15456600,62444664,-21.2631578947368
"72","2020-10-16",0.13625,4,4.03,13355000,53820650,-21.2105263157895
"73","2020-10-17",0.32475,4,NA,NA,NA,NA
"74","2020-10-18",0.2455,26,NA,NA,NA,NA
"75","2020-10-19",0.250508196721311,61,4.18,36642500,153165650,-22
"76","2020-10-20",0.211166666666667,36,4.2,39536900,166054980,-22.1052631578947
"77","2020-10-21",0.218793103448276,29,4.28,43146600,184667448,-22.5263157894737
"78","2020-10-22",0.1453125,16,4.27,33773200,144211564,-22.4736842105263
"79","2020-10-23",0.387125,8,4.3,15898800,68364840,-22.6315789473684
"80","2020-10-24",0.372153846153846,13,NA,NA,NA,NA
"81","2020-10-25",0.308357142857143,14,NA,NA,NA,NA
"82","2020-10-26",0.241363636363636,22,4.23,34590500,146317815,-22.2631578947368
"83","2020-10-27",0.141458333333333,24,4.24,24062200,102023728,-22.3157894736842
"84","2020-10-28",0.185236842105263,38,4.05,47238600,191316330,-21.3157894736842
"85","2020-10-29",0.0790148148148148,135,3.35,149133000,499595550,-17.6315789473684
"86","2020-10-30",0.0233333333333333,18,3.37,65867800,221974486,-17.7368421052632
"87","2020-10-31",-0.209,4,NA,NA,NA,NA
"88","2020-11-01",0.325,2,NA,NA,NA,NA
"89","2020-11-02",0.182571428571429,7,3.27,41682300,136301121,-17.2105263157895
"90","2020-11-03",0.398857142857143,7,3.39,52419300,177701427,-17.8421052631579
"91","2020-11-04",0.97,1,3.4,38149500,129708300,-17.8947368421053
"92","2020-11-06",0.6255,2,3.52,29258000,102988160,-18.5263157894737
"93","2020-11-07",0,1,NA,NA,NA,NA
"94","2020-11-08",0.320333333333333,3,NA,NA,NA,NA
"95","2020-11-09",-0.0185714285714286,7,3.65,49820900,181846285,-19.2105263157895
"96","2020-11-10",0.3754,10,3.67,37387900,137213593,-19.3157894736842
"97","2020-11-11",0.0947777777777778,9,3.75,40456000,151710000,-19.7368421052632
"98","2020-11-12",0.108545454545455,11,3.75,46774600,175404750,-19.7368421052632
"99","2020-11-13",0.299,7,3.81,46253800,176226978,-20.0526315789474
"100","2020-11-16",-0.0746666666666667,15,3.9,37591800,146608020,-20.5263157894737
"101","2020-11-17",0.2729375,16,3.93,27364100,107540913,-20.6842105263158
"102","2020-11-18",0.264727272727273,11,3.94,28103600,110728184,-20.7368421052632
"103","2020-11-19",0.07475,8,3.89,30776700,119721363,-20.4736842105263
"104","2020-11-20",0.3955,2,3.95,29367100,116000045,-20.7894736842105
"105","2020-11-21",0.26525,4,NA,NA,NA,NA
"106","2020-11-22",-0.0386666666666667,3,NA,NA,NA,NA
"107","2020-11-23",0.40575,4,3.97,32393600,128602592,-20.8947368421053
"108","2020-11-24",0.0763333333333333,6,4.07,25386800,103324276,-21.4210526315789
"109","2020-11-25",0.435,22,4.13,16995800,70192654,-21.7368421052632
"110","2020-11-26",-0.120333333333333,3,NA,NA,NA,NA
"111","2020-11-27",0.20125,16,4.13,8288300,34230679,-21.7368421052632
"112","2020-11-28",0.419,2,NA,NA,NA,NA
"113","2020-11-29",0.279714285714286,7,NA,NA,NA,NA
"114","2020-11-30",0.366,3,4.03,20845200,84006156,-21.2105263157895
"115","2020-12-01",0.210588235294118,17,4.06,20169300,81887358,-21.3684210526316
"116","2020-12-02",0.057,6,4.06,23692300,96190738,-21.3684210526316
"117","2020-12-03",0.60625,4,4.02,18883600,75912072,-21.1578947368421
"118","2020-12-04",0.100285714285714,7,4.03,19651500,79195545,-21.2105263157895
"119","2020-12-05",-0.0263333333333333,9,NA,NA,NA,NA
"120","2020-12-06",0.0065,2,NA,NA,NA,NA
"121","2020-12-07",0.2965,8,4.06,21546500,87478790,-21.3684210526316
"122","2020-12-08",0.1512,20,4.22,35820000,151160400,-22.2105263157895
"123","2020-12-09",0.243571428571429,14,4.19,31808800,133278872,-22.0526315789474
"124","2020-12-10",0.388555555555556,18,4.2,27951000,117394200,-22.1052631578947
"125","2020-12-11",0.350857142857143,7,4.06,34215600,138915336,-21.3684210526316
"126","2020-12-12",0.351,5,NA,NA,NA,NA
"127","2020-12-13",0.2161,10,NA,NA,NA,NA
"128","2020-12-14",-0.0696666666666667,3,4,21093200,84372800,-21.0526315789474
"129","2020-12-15",0.2435,8,4.1,18757000,76903700,-21.5789473684211
"130","2020-12-16",0.267333333333333,3,3.99,19877700,79312023,-21
"131","2020-12-17",0.315846153846154,13,4.06,26082200,105893732,-21.3684210526316
"132","2020-12-18",0.215428571428571,7,4,20259700,81038800,-21.0526315789474
"133","2020-12-19",0.1445,2,NA,NA,NA,NA
"134","2020-12-20",-0.1766,5,NA,NA,NA,NA
"135","2020-12-21",0.06175,4,3.9,26116600,101854740,-20.5263157894737
"136","2020-12-22",0.147333333333333,6,3.88,25157100,97609548,-20.4210526315789
"137","2020-12-23",0.0303333333333333,9,3.88,27033500,104889980,-20.4210526315789
"138","2020-12-24",0.497333333333333,3,3.89,7298800,28392332,-20.4736842105263
"139","2020-12-25",0.364666666666667,3,NA,NA,NA,NA
"140","2020-12-26",0.0913333333333333,6,NA,NA,NA,NA
"141","2020-12-27",-0.354,2,NA,NA,NA,NA
"142","2020-12-28",0.388818181818182,11,3.9,18694700,72909330,-20.5263157894737
"143","2020-12-29",0.0141666666666667,6,3.93,19875400,78110322,-20.6842105263158
"144","2020-12-30",0.290375,8,3.89,17464600,67937294,-20.4736842105263
"145","2020-12-31",0.6365,4,3.91,17088900,66817599,-20.5789473684211
"146","2021-01-01",0.338,2,NA,NA,NA,NA
"147","2021-01-02",0.219,2,NA,NA,NA,NA
"148","2021-01-03",0.427142857142857,7,NA,NA,NA,NA
"149","2021-01-04",0.2463,20,3.89,30281400,117794646,-20.4736842105263
"150","2021-01-05",0.220142857142857,7,4.04,38446200,155322648,-21.2631578947368
"151","2021-01-06",0.1752,15,4.04,37467400,151368296,-21.2631578947368
"152","2021-01-07",0.0544545454545454,11,3.99,25318000,101018820,-21
"153","2021-01-08",-0.6085,2,3.93,23978700,94236291,-20.6842105263158
"154","2021-01-10",0.3762,5,NA,NA,NA,NA
"155","2021-01-11",0.22475,12,3.87,37059400,143419878,-20.3684210526316
"156","2021-01-12",0.027,6,4.01,26065000,104520650,-21.1052631578947
"157","2021-01-13",0.287428571428571,7,3.98,33763400,134378332,-20.9473684210526
"158","2021-01-14",0.236811594202899,69,4.09,93198600,381182274,-21.5263157894737
"159","2021-01-15",0.198405172413793,116,4.08,36639300,149488344,-21.4736842105263
"160","2021-01-16",0.33846,50,NA,NA,NA,NA
"161","2021-01-17",0.359794117647059,34,NA,NA,NA,NA
"162","2021-01-18",0.17247619047619,21,NA,NA,NA,NA
"163","2021-01-19",0.128669014084507,142,4.13,40539400,167427722,-21.7368421052632
"164","2021-01-20",0.149530487804878,328,4.2,43924100,184481220,-22.1052631578947
"165","2021-01-21",0.218685459940653,337,4.22,22054900,93071678,-22.2105263157895
"166","2021-01-22",0.154818481848185,303,4.2,29126700,122332140,-22.1052631578947
"167","2021-01-23",0.231830687830688,189,NA,NA,NA,NA
"168","2021-01-24",0.265762376237624,101,NA,NA,NA,NA
"169","2021-01-27",NA,26094,6.55,1123003300,7355671615,-34.4736842105263
"170","2021-01-28",0.126114272024915,16697,4.69,675220900,3166786021,-24.6842105263158
"171","2021-01-29",0.17150954217344,10113,4.56,360766100,1645093416,-24
"172","2021-01-30",NA,5915,NA,NA,NA,NA
"173","2021-01-31",0.247380372863801,3862,NA,NA,NA,NA
"174",NA,NA,460,NA,NA,NA,NA
