"","Date","PLTR_avg_sentiment","PLTR_count"
"1",2020-08-25,-0.293,3
"2",2020-08-26,0.5445,2
"3",2020-08-27,-0.103,1
"4",2020-08-28,-0.25,1
"5",2020-08-29,0.382,1
"6",2020-08-30,0,1
"7",2020-09-02,0.557,1
"8",2020-09-03,0.052,1
"9",2020-09-04,0,1
"10",2020-09-06,0.361,1
"11",2020-09-08,0.151,1
"12",2020-09-09,-0.119,5
"13",2020-09-11,0,1
"14",2020-09-12,0.153,4
"15",2020-09-14,0.44,1
"16",2020-09-15,-0.129666666666667,3
"17",2020-09-16,0.8625,2
"18",2020-09-17,0.998,1
"19",2020-09-18,0.233,2
"20",2020-09-19,0.3075,2
"21",2020-09-22,0,1
"22",2020-09-23,-0.2105,2
"23",2020-09-25,-0.223333333333333,3
"24",2020-09-26,0,3
"25",2020-09-27,-0.0065,6
"26",2020-09-28,-0.086375,8
"27",2020-09-29,0.245208333333333,48
"28",2020-09-30,0.0804090909090909,880
"29",2020-10-01,0.0951789473684211,190
"30",2020-10-02,0.0853222222222222,90
"31",2020-10-03,0.0522857142857143,7
"32",2020-10-04,0.427181818181818,11
"33",2020-10-05,0.114852941176471,68
"34",2020-10-06,0.182165975103734,241
"35",2020-10-07,0.138278947368421,190
"36",2020-10-08,0.108720588235294,68
"37",2020-10-09,0.069921875,64
"38",2020-10-10,-0.049,17
"39",2020-10-11,-0.00185714285714286,14
"40",2020-10-12,0.0735909090909091,66
"41",2020-10-13,0.194384615384615,52
"42",2020-10-14,0.126411764705882,34
"43",2020-10-15,0.173470588235294,68
"44",2020-10-16,0.290303571428571,56
"45",2020-10-17,0.104333333333333,3
"46",2020-10-18,-0.077,1
"47",2020-10-19,-0.0265,2
"48",2020-10-20,-0.1035,14
"49",2020-10-21,0.0608888888888889,9
"50",2020-10-22,0.1831,40
"51",2020-10-23,0.264137931034483,29
"52",2020-10-24,0.243272727272727,11
"53",2020-10-25,0.0823076923076923,13
"54",2020-10-26,0.16478,50
"55",2020-10-27,0.119108108108108,148
"56",2020-10-28,0.101404761904762,84
"57",2020-10-29,0.160157894736842,57
"58",2020-10-30,0.0230714285714286,14
"59",2020-10-31,0.132666666666667,6
"60",2020-11-01,0.257380952380952,21
"61",2020-11-02,0.1488,15
"62",2020-11-03,0.199868421052632,38
"63",2020-11-04,0.1645,20
"64",2020-11-06,0.229780821917808,146
"65",2020-11-07,0.245448275862069,116
"66",2020-11-08,0.178213675213675,117
"67",2020-11-09,0.144596741344196,491
"68",2020-11-10,0.179516981132075,265
"69",2020-11-11,0.13230258302583,542
"70",2020-11-12,0.122155767817781,1361
"71",2020-11-13,0.186964285714286,588
"72",2020-11-14,0.224253731343284,201
"73",2020-11-15,0.179394833948339,271
"74",2020-11-16,0.126072604065828,1033
"75",2020-11-17,0.15000588977703,2377
"76",2020-11-18,0.130649626425482,2543
"77",2020-11-19,0.148831375259157,1447
"78",2020-11-20,NA,1739
"79",2020-11-21,0.1631125,400
"80",2020-11-22,0.201673228346457,508
"81",2020-11-23,0.138998274672188,2898
"82",2020-11-24,0.159669403525718,4141
"83",2020-11-25,0.150917455138662,9195
"84",2020-11-26,0.196824302879166,4411
"85",2020-11-27,0.130093087911034,10431
"86",2020-11-28,0.17501127348643,2395
"87",2020-11-29,0.198606766500277,1803
"88",2020-11-30,0.125657447174025,5821
"89",2020-12-01,NA,3909
"90",2020-12-02,0.113716670188041,4733
"91",2020-12-03,0.123581963363081,2129
"92",2020-12-04,0.149570355191257,1464
"93",2020-12-05,0.165123376623377,462
"94",2020-12-06,0.179844621513944,502
"95",2020-12-07,0.151997672388711,3437
"96",2020-12-08,0.153777989216619,3153
"97",2020-12-09,0.153802947598253,1832
"98",2020-12-10,0.132707278481013,1264
"99",2020-12-11,0.165982867448151,1109
"100",2020-12-12,0.190396341463415,492
"101",2020-12-13,0.193831707317073,410
"102",2020-12-14,0.13267513368984,1496
"103",2020-12-15,0.0964431295200526,1521
"104",2020-12-16,0.115459636363636,1375
"105",2020-12-17,0.144896525679758,1324
"106",2020-12-18,0.14247651421508,1618
"107",2020-12-19,0.205279260780287,487
"108",2020-12-20,0.148463251670379,449
"109",2020-12-21,0.120274044795784,2277
"110",2020-12-22,0.134316416364578,1931
"111",2020-12-23,0.132094409937888,1610
"112",2020-12-24,0.183295031055901,966
"113",2020-12-25,0.235637602179837,367
"114",2020-12-26,0.147331412103746,347
"115",2020-12-27,0.188328611898017,353
"116",2020-12-28,0.0963654309099663,2077
"117",2020-12-29,0.124265642151482,1822
"118",2020-12-30,0.104661624203822,1256
"119",2020-12-31,0.133100933488915,1714
"120",2021-01-01,0.181062326869806,722
"121",2021-01-02,0.211541755888651,467
"122",2021-01-03,0.15212204007286,549
"123",2021-01-04,0.0964674965421853,1446
"124",2021-01-05,0.118692636986301,1168
"125",2021-01-06,0.122362374710871,1297
"126",2021-01-07,0.138161727349704,1181
"127",2021-01-08,0.113484478935698,902
"128",2021-01-09,0.209279835390946,243
"129",2021-01-10,0.206039215686275,255
"130",2021-01-11,0.151379396984925,796
"131",2021-01-12,0.135948717948718,780
"132",2021-01-13,0.132491397849462,1860
"133",2021-01-14,0.162117912371134,1552
"134",2021-01-15,0.167089884393064,3460
"135",2021-01-16,0.250250463821892,539
"136",2021-01-17,0.2480751565762,479
"137",2021-01-18,0.207179959100205,489
"138",2021-01-19,0.121040644171779,1304
"139",2021-01-20,0.0921212435233161,965
"140",2021-01-21,0.146568300312826,959
"141",2021-01-22,0.160656612529002,3879
"142",2021-01-23,0.238809902740937,1131
"143",2021-01-24,0.216513605442177,294
"144",2021-01-27,0.137840323767476,1359
"145",2021-01-28,0.17316875,1120
"146",2021-01-29,0.201845437616387,537
"147",2021-01-30,0.244672456575682,403
"148",2021-01-31,0.242647191011236,445
"149",NA,0.190174698795181,332
