"","Date","PLTR_avg_sentiment","PLTR_count","PLTR_close","PLTR_volume","PLTR_market_cap","PLTR_PE_ratio"
"1","2020-08-25",-0.293,3,NA,NA,NA,NA
"2","2020-08-26",0.5445,2,NA,NA,NA,NA
"3","2020-08-27",-0.103,1,NA,NA,NA,NA
"4","2020-08-28",-0.25,1,NA,NA,NA,NA
"5","2020-08-29",0.382,1,NA,NA,NA,NA
"6","2020-08-30",0,1,NA,NA,NA,NA
"7","2020-09-02",0.557,1,NA,NA,NA,NA
"8","2020-09-03",0.052,1,NA,NA,NA,NA
"9","2020-09-04",0,1,NA,NA,NA,NA
"10","2020-09-06",0.361,1,NA,NA,NA,NA
"11","2020-09-08",0.151,1,NA,NA,NA,NA
"12","2020-09-09",-0.119,5,NA,NA,NA,NA
"13","2020-09-11",0,1,NA,NA,NA,NA
"14","2020-09-12",0.153,4,NA,NA,NA,NA
"15","2020-09-14",0.44,1,NA,NA,NA,NA
"16","2020-09-15",-0.129666666666667,3,NA,NA,NA,NA
"17","2020-09-16",0.8625,2,NA,NA,NA,NA
"18","2020-09-17",0.998,1,NA,NA,NA,NA
"19","2020-09-18",0.233,2,NA,NA,NA,NA
"20","2020-09-19",0.3075,2,NA,NA,NA,NA
"21","2020-09-22",0,1,NA,NA,NA,NA
"22","2020-09-23",-0.2105,2,NA,NA,NA,NA
"23","2020-09-25",-0.223333333333333,3,NA,NA,NA,NA
"24","2020-09-26",0,3,NA,NA,NA,NA
"25","2020-09-27",-0.0065,6,NA,NA,NA,NA
"26","2020-09-28",-0.086375,8,NA,NA,NA,NA
"27","2020-09-29",0.245208333333333,48,NA,NA,NA,NA
"28","2020-09-30",0.0804090909090909,880,NA,NA,NA,NA
"29","2020-10-01",0.0951789473684211,190,9.46,124297600,1175855296,-7.33333333333333
"30","2020-10-02",0.0853222222222222,90,9.2,55018300,506168360,-7.13178294573643
"31","2020-10-03",0.0522857142857143,7,NA,NA,NA,NA
"32","2020-10-04",0.427181818181818,11,NA,NA,NA,NA
"33","2020-10-05",0.114852941176471,68,9.03,36316900,327941607,-7
"34","2020-10-06",0.182165975103734,241,9.9,90864000,899553600,-7.67441860465116
"35","2020-10-07",0.138278947368421,190,10,54672400,546724000,-7.75193798449612
"36","2020-10-08",0.108720588235294,68,10,34989200,349892000,-7.75193798449612
"37","2020-10-09",0.069921875,64,9.95,19653500,195552325,-7.71317829457364
"38","2020-10-10",-0.049,17,NA,NA,NA,NA
"39","2020-10-11",-0.00185714285714286,14,NA,NA,NA,NA
"40","2020-10-12",0.0735909090909091,66,9.89,20623600,203967404,-7.66666666666667
"41","2020-10-13",0.194384615384615,52,9.47,21847200,206892984,-7.34108527131783
"42","2020-10-14",0.126411764705882,34,9.34,13652600,127515284,-7.24031007751938
"43","2020-10-15",0.173470588235294,68,9.91,12924100,128077831,-7.68217054263566
"44","2020-10-16",0.290303571428571,56,9.71,11142500,108193675,-7.52713178294574
"45","2020-10-17",0.104333333333333,3,NA,NA,NA,NA
"46","2020-10-18",-0.077,1,NA,NA,NA,NA
"47","2020-10-19",-0.0265,2,9.57,9126400,87339648,-7.41860465116279
"48","2020-10-20",-0.1035,14,9.27,11138200,103251114,-7.18604651162791
"49","2020-10-21",0.0608888888888889,9,9.2,9190000,84548000,-7.13178294573643
"50","2020-10-22",0.1831,40,9.68,17928600,173548848,-7.50387596899225
"51","2020-10-23",0.264137931034483,29,9.49,12618000,119744820,-7.35658914728682
"52","2020-10-24",0.243272727272727,11,NA,NA,NA,NA
"53","2020-10-25",0.0823076923076923,13,NA,NA,NA,NA
"54","2020-10-26",0.16478,50,9.95,23767300,236484635,-7.71317829457364
"55","2020-10-27",0.119108108108108,148,10.95,53695900,587970105,-8.48837209302325
"56","2020-10-28",0.101404761904762,84,10.85,30941700,335717445,-8.41085271317829
"57","2020-10-29",0.160157894736842,57,10.75,20515700,220543775,-8.33333333333333
"58","2020-10-30",0.0230714285714286,14,10.13,19705500,199616715,-7.85271317829457
"59","2020-10-31",0.132666666666667,6,NA,NA,NA,NA
"60","2020-11-01",0.257380952380952,21,NA,NA,NA,NA
"61","2020-11-02",0.1488,15,10.54,11677800,123084012,-8.17054263565891
"62","2020-11-03",0.199868421052632,38,10.5,21652800,227354400,-8.13953488372093
"63","2020-11-04",0.1645,20,10.72,15783400,169198048,-8.31007751937985
"64","2020-11-06",0.229780821917808,146,13.83,89977600,1244390208,-10.7209302325581
"65","2020-11-07",0.245448275862069,116,NA,NA,NA,NA
"66","2020-11-08",0.178213675213675,117,NA,NA,NA,NA
"67","2020-11-09",0.144596741344196,491,14.67,60099000,881652330,-11.3720930232558
"68","2020-11-10",0.179516981132075,265,14,38078700,533101800,-10.8527131782946
"69","2020-11-11",0.13230258302583,542,15.96,47027900,750565284,-12.3720930232558
"70","2020-11-12",0.122155767817781,1361,14.58,97904000,1427440320,-11.3023255813953
"71","2020-11-13",0.186964285714286,588,15.8,76354800,1206405840,-12.2480620155039
"72","2020-11-14",0.224253731343284,201,NA,NA,NA,NA
"73","2020-11-15",0.179394833948339,271,NA,NA,NA,NA
"74","2020-11-16",0.126072604065828,1033,15.93,65326000,1040643180,-12.3488372093023
"75","2020-11-17",0.15000588977703,2377,17.85,116618500,2081640225,-13.8372093023256
"76","2020-11-18",0.130649626425482,2543,17.9,89957900,1610246410,-13.8759689922481
"77","2020-11-19",0.148831375259157,1447,18.98,56225400,1067158092,-14.7131782945736
"78","2020-11-20",NA,1739,18.15,72104000,1308687600,-14.0697674418605
"79","2020-11-21",0.1631125,400,NA,NA,NA,NA
"80","2020-11-22",0.201673228346457,508,NA,NA,NA,NA
"81","2020-11-23",0.138998274672188,2898,21.040001,84716300,1782431036.7163,-16.3100782945736
"82","2020-11-24",0.159669403525718,4141,23.82,115468800,2750466816,-18.4651162790698
"83","2020-11-25",0.150917455138662,9195,29.049999,202563700,5884475282.4363,-22.5193790697674
"84","2020-11-26",0.196824302879166,4411,NA,NA,NA,NA
"85","2020-11-27",0.130093087911034,10431,27.66,207834000,5748688440,-21.4418604651163
"86","2020-11-28",0.17501127348643,2395,NA,NA,NA,NA
"87","2020-11-29",0.198606766500277,1803,NA,NA,NA,NA
"88","2020-11-30",0.125657447174025,5821,27.110001,137243000,3720657867.243,-21.0155046511628
"89","2020-12-01",NA,3909,25.67,84539800,2170136666,-19.8992248062016
"90","2020-12-02",0.113716670188041,4733,22.51,149062100,3355387871,-17.4496124031008
"91","2020-12-03",0.123581963363081,2129,24.030001,85634300,2057792314.6343,-18.627907751938
"92","2020-12-04",0.149570355191257,1464,23.85,56044100,1336651785,-18.4883720930233
"93","2020-12-05",0.165123376623377,462,NA,NA,NA,NA
"94","2020-12-06",0.179844621513944,502,NA,NA,NA,NA
"95","2020-12-07",0.151997672388711,3437,28.940001,118463700,3428339596.4637,-22.4341093023256
"96","2020-12-08",0.153777989216619,3153,28.59,124754300,3566725437,-22.1627906976744
"97","2020-12-09",0.153802947598253,1832,26.629999,79634700,2120671981.3653,-20.6434100775194
"98","2020-12-10",0.132707278481013,1264,27.040001,57774800,1562230649.7748,-20.9612410852713
"99","2020-12-11",0.165982867448151,1109,27.200001,52764400,1435191732.7644,-21.0852720930233
"100","2020-12-12",0.190396341463415,492,NA,NA,NA,NA
"101","2020-12-13",0.193831707317073,410,NA,NA,NA,NA
"102","2020-12-14",0.13267513368984,1496,27.24,44734500,1218567780,-21.1162790697674
"103","2020-12-15",0.0964431295200526,1521,26.43,49273200,1302290676,-20.4883720930233
"104","2020-12-16",0.115459636363636,1375,25.92,44013400,1140827328,-20.093023255814
"105","2020-12-17",0.144896525679758,1324,27.23,53829800,1465785454,-21.1085271317829
"106","2020-12-18",0.14247651421508,1618,25.969999,71042900,1844984041.9571,-20.1317821705426
"107","2020-12-19",0.205279260780287,487,NA,NA,NA,NA
"108","2020-12-20",0.148463251670379,449,NA,NA,NA,NA
"109","2020-12-21",0.120274044795784,2277,28.51,76729100,2187546641,-22.1007751937985
"110","2020-12-22",0.134316416364578,1931,28.040001,66033100,1851568190.0331,-21.7364348837209
"111","2020-12-23",0.132094409937888,1610,28.690001,58772200,1686174476.7722,-22.2403108527132
"112","2020-12-24",0.183295031055901,966,27.75,26306800,730013700,-21.5116279069767
"113","2020-12-25",0.235637602179837,367,NA,NA,NA,NA
"114","2020-12-26",0.147331412103746,347,NA,NA,NA,NA
"115","2020-12-27",0.188328611898017,353,NA,NA,NA,NA
"116","2020-12-28",0.0963654309099663,2077,25.629999,55878700,1432171025.1213,-19.8682162790698
"117","2020-12-29",0.124265642151482,1822,24.66,47302400,1166477184,-19.1162790697674
"118","2020-12-30",0.104661624203822,1256,25.1,34586700,868126170,-19.4573643410853
"119","2020-12-31",0.133100933488915,1714,23.549999,39922500,940174835.0775,-18.2558131782946
"120","2021-01-01",0.181062326869806,722,NA,NA,NA,NA
"121","2021-01-02",0.211541755888651,467,NA,NA,NA,NA
"122","2021-01-03",0.15212204007286,549,NA,NA,NA,NA
"123","2021-01-04",0.0964674965421853,1446,23.370001,44970400,1050958292.9704,-18.1162798449612
"124","2021-01-05",0.118692636986301,1168,24.6,29050400,714639840,-19.0697674418605
"125","2021-01-06",0.122362374710871,1297,23.540001,32732900,770532498.7329,-18.2480627906977
"126","2021-01-07",0.138161727349704,1181,25,32240000,8.06e+08,-19.3798449612403
"127","2021-01-08",0.113484478935698,902,25.200001,41313800,1041107801.3138,-19.534884496124
"128","2021-01-09",0.209279835390946,243,NA,NA,NA,NA
"129","2021-01-10",0.206039215686275,255,NA,NA,NA,NA
"130","2021-01-11",0.151379396984925,796,25.93,32609000,845551370,-20.1007751937984
"131","2021-01-12",0.135948717948718,780,26.18,26995000,706729100,-20.2945736434109
"132","2021-01-13",0.132491397849462,1860,25.5,51216600,1306023300,-19.7674418604651
"133","2021-01-14",0.162117912371134,1552,24.92,32908000,820067360,-19.3178294573643
"134","2021-01-15",0.167089884393064,3460,25.639999,92285500,2366200127.7145,-19.8759682170543
"135","2021-01-16",0.250250463821892,539,NA,NA,NA,NA
"136","2021-01-17",0.2480751565762,479,NA,NA,NA,NA
"137","2021-01-18",0.207179959100205,489,NA,NA,NA,NA
"138","2021-01-19",0.121040644171779,1304,26.620001,48675800,1295749844.6758,-20.6356596899225
"139","2021-01-20",0.0921212435233161,965,26.34,37459000,986670060,-20.4186046511628
"140","2021-01-21",0.146568300312826,959,25.98,29891400,776578572,-20.1395348837209
"141","2021-01-22",0.160656612529002,3879,32.580002,156844700,5110000639.6894,-25.255815503876
"142","2021-01-23",0.238809902740937,1131,NA,NA,NA,NA
"143","2021-01-24",0.216513605442177,294,NA,NA,NA,NA
"144","2021-01-27",0.137840323767476,1359,39,170758800,6659593200,-30.2325581395349
"145","2021-01-28",0.17316875,1120,35.66,85250700,3040039962,-27.6434108527132
"146","2021-01-29",0.201845437616387,537,35.18,42030900,1478647062,-27.2713178294574
"147","2021-01-30",0.244672456575682,403,NA,NA,NA,NA
"148","2021-01-31",0.242647191011236,445,NA,NA,NA,NA
"149",NA,0.190174698795181,332,NA,NA,NA,NA
